Name,Location,Description,TripAdvisor ID
Incredible Cotton Pants,New Kieraview,Temporibus nesciunt neque illo.,592
Ergonomic Rubber Salad,East Carleyville,Nihil dolor est eum voluptatum qui voluptatibus ut nobis ipsam.,522
Licensed Granite Towels,State College,Expedita odio corporis recusandae veritatis consequatur.,811
Fantastic Soft Soap,Port Rickey,Sed nihil sit.,794
Small Rubber Pants,Orland Park,Tempore perferendis voluptatem est blanditiis quia dolore excepturi.,480
Incredible Cotton Tuna,Kearaland,Fuga qui ipsa voluptatem quia quia velit.,333
Small Frozen Chicken,Lake Myrtietown,Aut sit est aliquid alias.,199
Small Rubber Salad,South Kendall,In voluptas eum rem corrupti dolorem voluptatibus voluptates.,677
Handmade Frozen Tuna,South Kasandra,Recusandae et eos asperiores.,844
Refined Granite Soap,Granvilleside,Nesciunt optio suscipit quia.,468
Fantastic Plastic Computer,East Fermin,Non consequuntur est omnis quas quod nesciunt consectetur.,434
Small Plastic Shoes,Kentwood,Odit id et omnis fugit voluptatem.,644
Licensed Metal Car,Olathe,Earum quam consequatur numquam autem aut et.,729
Licensed Soft Pizza,New Maximillian,Est labore et vel praesentium quaerat et.,901
Practical Wooden Ball,Sonyashire,Id in ullam.,563
Refined Wooden Shoes,West Rafaelview,Repellendus facilis eos qui officiis hic deserunt.,183
Tasty Granite Fish,Bolingbrook,Eveniet tenetur quibusdam.,21
Small Fresh Shoes,Kuhicberg,Rerum quis sit odit.,166
Refined Steel Bacon,West Leilani,Voluptatem quia totam.,489
Intelligent Steel Shoes,Orenland,Saepe voluptatum voluptatem eaque earum ipsam aut facere.,442
Intelligent Granite Bike,Annalisefort,Vero assumenda odio veritatis debitis ut ducimus eius.,577
Incredible Soft Shoes,West Viva,Similique cum reprehenderit iste voluptate reprehenderit totam.,855
Fantastic Rubber Shirt,North Rhett,Molestiae eos quaerat nihil est quia inventore totam laboriosam dicta.,41
Awesome Steel Pizza,North Coy,Perspiciatis sit quasi consequatur commodi est est perspiciatis quia.,170
Gorgeous Concrete Pizza,Port Alisonstad,Beatae nulla placeat quis.,164
Rustic Fresh Bike,East Henri,Quaerat fuga facere voluptatem provident saepe.,427
Licensed Concrete Hat,Hailieland,Magni autem cum officia et dolorem suscipit.,955
Sleek Concrete Tuna,Gabrielville,Ut corporis distinctio.,466
Generic Steel Salad,Cassinchester,Rem officia voluptatem consequatur qui et officiis alias placeat.,48
Gorgeous Frozen Keyboard,Russelborough,Qui quae temporibus quasi.,124
Sleek Metal Keyboard,East Dorcas,Corporis animi quas amet aspernatur similique cum et enim est.,59
Licensed Plastic Bike,Taylorsville,Officiis facilis qui.,840
Awesome Frozen Computer,East Robyn,Velit voluptatem natus excepturi autem nemo.,59
Ergonomic Metal Table,South Kiarra,Voluptate unde eius dolorem corporis est.,297
Licensed Plastic Soap,West Heaven,Aut culpa quos qui repellendus dolorem.,558
Intelligent Fresh Hat,North Nehabury,Dolore nostrum occaecati.,889
Incredible Frozen Computer,West Dawnborough,Ea architecto ad.,577
Practical Plastic Tuna,East Ezequiel,Quibusdam cupiditate ipsum dolor voluptas.,975
Rustic Soft Cheese,South Mustafa,Et voluptas a est magnam.,610
Incredible Cotton Bacon,Eugene,Blanditiis qui nemo amet et eum adipisci placeat.,255
Sleek Plastic Chips,Port Antonioland,Omnis commodi similique.,436
Licensed Metal Pizza,South Neva,Autem vel rerum sed.,194
Practical Metal Towels,Gerholdbury,Non tempore quas.,227
Handcrafted Fresh Mouse,Lake Richie,Est non ducimus ipsa.,462
Small Cotton Salad,West Alejandrabury,Ea inventore impedit quaerat dolorum laborum.,896
Incredible Plastic Computer,Orvilleside,Accusamus est fugit iure.,275
Rustic Frozen Shirt,Port Madisyntown,Quis temporibus veniam recusandae magni sint cumque aut non.,512
Rustic Soft Soap,Port Erna,Consequatur neque ut natus quam iste eos deleniti.,108
Practical Frozen Soap,Port Frederic,Est provident quos aut ab ex laudantium atque ea.,29
Incredible Metal Ball,Cathedral City,Facere fuga provident nostrum aut.,427
Intelligent Wooden Cheese,Stewartborough,Nihil quia qui et minus.,438
Gorgeous Fresh Sausages,Roseport,Ut nesciunt vitae reiciendis voluptatem.,6
Incredible Soft Ball,Springdale,Illum pariatur molestiae quia temporibus.,765
Handcrafted Granite Ball,Lake Antonefort,Aliquid et fugiat enim ducimus sapiente totam.,201
Unbranded Rubber Bike,Abdullahhaven,Culpa sunt nemo ut vero non consectetur est tempore.,954
Sleek Rubber Fish,Winston-Salem,Necessitatibus vel asperiores.,164
Gorgeous Soft Tuna,New Eryn,Asperiores qui nostrum reprehenderit unde voluptates iusto.,376
Ergonomic Cotton Chicken,Dearborn Heights,Praesentium accusantium pariatur neque ut iste molestiae fugiat molestiae architecto.,79
Awesome Cotton Computer,Biloxi,Et quaerat suscipit laboriosam ut porro consectetur error voluptas ipsum.,726
Licensed Plastic Shoes,Lake Odessaland,Rerum ut dolores animi consectetur optio optio voluptas voluptatem.,169
Intelligent Plastic Mouse,Renton,Quaerat ullam sit omnis fugit rem ratione est quas eligendi.,418
Practical Soft Sausages,Hammesburgh,Quod recusandae voluptatem sunt voluptatem necessitatibus.,211
Fantastic Soft Towels,Lake Devon,Pariatur facere voluptatem eum.,906
Generic Concrete Tuna,South Wyatt,Id earum eos.,755
Gorgeous Concrete Chair,North Savanah,Enim voluptatem consequatur.,473
Gorgeous Fresh Fish,Emeraldstad,Laudantium enim magni corporis modi ea aspernatur.,948
Generic Cotton Pants,South Anya,Ratione voluptatem est dolorem culpa officia dolores fuga dolorum.,588
Generic Plastic Soap,Chapel Hill,Labore quia tenetur recusandae est deleniti perferendis soluta qui.,371
Refined Granite Mouse,West Emerald,Incidunt nulla sed repellendus perferendis fugit at nemo rem.,563
Fantastic Granite Cheese,Whittier,Hic iusto nostrum fugit.,150
Incredible Wooden Gloves,Vitoport,Rerum voluptatem sed voluptatem recusandae sint quibusdam ut.,642
Gorgeous Rubber Cheese,Justenland,Possimus quas commodi.,317
Rustic Wooden Chicken,Poinciana,Quod excepturi odio est exercitationem dolores et ab numquam vel.,598
Refined Granite Cheese,South Mya,Eligendi excepturi sunt assumenda fugit perferendis iusto odio asperiores aspernatur.,368
Small Fresh Mouse,Lake Gerhard,Omnis tempore enim nam sed nostrum reprehenderit repellendus aperiam natus.,168
Intelligent Concrete Gloves,Port Kathleen,Voluptas earum dolor illo est quidem omnis.,420
Incredible Wooden Computer,Davenport,Ipsa ut facere consequuntur corporis.,439
Generic Cotton Bacon,East Hartford,Id expedita voluptatum.,310
Licensed Cotton Chair,Lehigh Acres,Voluptas sunt rerum.,311
Refined Soft Table,East Vincenzo,Sunt nobis distinctio est voluptas quo aliquam distinctio atque voluptatem.,596
Rustic Granite Mouse,North Sarah,A ratione quisquam.,222
Generic Wooden Bacon,Roseville,Occaecati ea doloribus et qui.,439
Handmade Plastic Car,North Port,Voluptas provident totam laborum.,37
Fantastic Wooden Gloves,Dibbertville,Velit nostrum rem.,554
Gorgeous Fresh Mouse,Kossside,Tempore dolorem fugit ipsa illum vel minus eos facilis.,189
Handcrafted Rubber Shirt,Lake Macburgh,Cumque sed occaecati repudiandae perferendis molestiae sunt ipsum dignissimos.,556
Ergonomic Fresh Towels,West Kellen,Minus suscipit minus ab eligendi ipsa at officia.,110
Ergonomic Soft Fish,Alanischester,Numquam provident optio neque facere aliquam.,145
Handmade Granite Pizza,West Marlinport,Consequatur iure fugit natus eligendi ut ea nihil.,626
Handmade Cotton Cheese,Dougberg,Vero quo architecto nisi accusamus non debitis.,676
Handmade Soft Salad,East Avis,Sint ducimus reiciendis accusamus rem nesciunt repellat.,216
Handcrafted Fresh Car,Kingfort,Impedit accusamus totam officia vitae quis mollitia.,127
Practical Fresh Cheese,Council Bluffs,Sapiente aliquid est iste doloribus non aut expedita.,806
Gorgeous Metal Bacon,Bernitastad,Atque et sed eum sed illum est sint.,266
Small Concrete Towels,Emelieview,Aut ut quo saepe quia iusto rerum iure nostrum.,134
Handmade Metal Soap,New Lelafort,Architecto quaerat ut harum enim.,455
Fantastic Cotton Tuna,North Emmetthaven,Quod qui voluptate.,175
Handcrafted Fresh Chair,Schaeferchester,Eaque atque sit reiciendis quos pariatur inventore maxime id optio.,299
Tasty Metal Fish,Abernathyport,Et id et sint molestias.,652
Refined Plastic Pants,Buckfurt,Dolorem fuga et sunt adipisci qui sint placeat.,758
Practical Granite Towels,South Quincy,Est consequuntur reprehenderit quo nemo blanditiis odit non et.,701
Unbranded Fresh Table,West Romaineport,Odio laborum ad eveniet numquam libero et quo hic odit.,366
Handmade Plastic Bacon,Harberborough,Esse repellendus numquam omnis.,784
Generic Soft Soap,Oberbrunnerview,Cumque qui id illum.,559
Sleek Granite Hat,Tristonfort,Harum officia eligendi ab.,764
Handmade Concrete Keyboard,West Kenya,Qui velit aut iste a est et repudiandae suscipit velit.,833
Incredible Fresh Hat,West Kattiemouth,Recusandae quos id voluptas quia excepturi provident ad tenetur.,20
Awesome Cotton Tuna,Inglewood,Dignissimos quo dolorem eos sint.,928
Handmade Metal Gloves,Port Ally,Error est distinctio.,827
Gorgeous Frozen Table,East Earl,Doloremque accusamus recusandae consequatur non dolorem tenetur voluptatem esse.,785
Handmade Soft Gloves,Rasheedfurt,Reiciendis dicta eos accusamus molestiae cumque ducimus rerum.,721
Handmade Concrete Tuna,New Lora,Quidem quam velit ex aperiam et.,925
Fantastic Rubber Car,Schummport,Rem laborum odio architecto cumque hic optio quisquam quia quae.,740
Rustic Steel Fish,Baumbachhaven,Nihil quia ipsam eos in.,391
Intelligent Plastic Pizza,Christiansenmouth,Sed reiciendis qui fugiat rerum eos veniam saepe.,965
Handcrafted Granite Tuna,Jaketon,Nam qui delectus esse nam vel asperiores explicabo facere sint.,514
Small Concrete Mouse,West Noemyberg,Culpa qui voluptatum ab odio.,791
Handmade Cotton Pizza,New Araceli,Ipsa ut mollitia.,630
Ergonomic Steel Chips,South Sydney,Nemo accusantium exercitationem ducimus assumenda modi sed qui soluta.,322
Handmade Concrete Salad,North Jadonhaven,Nihil ut veritatis sit vero maxime veniam tempora ipsum voluptatem.,681
Gorgeous Metal Hat,Okunevaville,Ea tenetur quidem et ratione corporis.,959
Unbranded Concrete Shoes,Littlebury,Enim voluptas fugit distinctio quidem et autem et enim.,697
Intelligent Wooden Bike,Nelleport,Sed et ad earum non eveniet laudantium deleniti.,867
Awesome Steel Table,Bellevue,Ipsum consequatur voluptas.,206
Fantastic Rubber Pants,Bruenburgh,Quibusdam molestiae enim perferendis corrupti earum.,318
Awesome Granite Sausages,North Florencioville,At ea eveniet illo occaecati ut et eum.,773
Small Steel Cheese,Inglewood,Aspernatur porro animi voluptatibus ipsam soluta vero et ut omnis.,80
Handmade Metal Shirt,Waterstown,Pariatur delectus excepturi in eius neque possimus.,441
Generic Wooden Tuna,West Rhiannahaven,Quisquam error voluptatem unde.,968
Small Rubber Chair,Abbottshire,Ex placeat earum possimus cum corporis excepturi accusamus.,34
Fantastic Metal Bike,New Cristopherside,Quo voluptatum minima maxime ut fuga maxime delectus et sed.,902
Fantastic Concrete Sausages,Bahringerburgh,Totam facilis ipsa amet.,301
Tasty Rubber Mouse,New Dakota,Quia quidem animi.,54
Tasty Concrete Hat,Pasadena,Dolor vero earum quidem voluptas nostrum perferendis.,669
Rustic Plastic Salad,Klingburgh,Enim inventore laudantium veritatis odit.,716
Licensed Granite Chair,Port Luzmouth,Beatae voluptatum ea.,755
Ergonomic Steel Hat,Cronaland,Nisi assumenda nemo est tenetur.,660
Handmade Concrete Ball,Idaho Falls,Ut dolorum quos quia.,146
Small Metal Keyboard,Markston,Aliquam cupiditate ratione iure ea libero.,462
Gorgeous Soft Chicken,Eileenborough,Dolor modi porro.,389
Ergonomic Soft Gloves,Hanford,Eos facere dicta autem saepe ipsum ullam nihil.,145
Handmade Frozen Salad,Maurineshire,Est ullam fugit.,931
Awesome Granite Mouse,Jastview,Voluptate quia quia fugit animi.,691
Handmade Cotton Gloves,Rochester,Est impedit aspernatur corrupti blanditiis corrupti.,43
Practical Granite Cheese,New Makaylaberg,Autem enim nostrum vero sit.,332
Generic Concrete Ball,Aurora,Sint quia tempore suscipit quia nihil at neque.,617
Small Frozen Gloves,New Marvin,Quidem commodi rerum labore adipisci in.,71
Unbranded Concrete Ball,North Hildegardmouth,Labore amet repellendus aut earum nisi.,270
Handmade Fresh Shirt,West Abeville,Corporis nobis quis molestias voluptate modi consectetur qui.,163
Incredible Fresh Car,New Duane,Quod ut aliquid debitis quam rerum corporis consequatur asperiores provident.,228
Generic Steel Bacon,Woodbury,Amet quia ipsam deleniti id recusandae eos.,966
Tasty Plastic Shirt,Jakubowskimouth,Quae atque iure amet est ut architecto.,988
Ergonomic Rubber Ball,Rustychester,Qui pariatur est rerum modi.,625
Unbranded Rubber Cheese,Gutmannfort,Temporibus voluptas omnis sunt nobis sunt.,17
Licensed Steel Fish,West Palm Beach,Delectus eos voluptatem animi beatae.,501
Handcrafted Granite Hat,East Rogers,Quaerat quos dolores ea suscipit non.,911
Licensed Frozen Bike,East Janniemouth,Commodi sint aut voluptates blanditiis porro.,314
Rustic Rubber Keyboard,Port Stephan,Aperiam ut qui modi omnis similique.,797
Practical Cotton Chips,Catalina Foothills,Dolor dolor corporis.,256
Sleek Frozen Chair,Kannapolis,Qui et ut ipsum.,545
Ergonomic Fresh Hat,Reichelshire,Amet numquam et reiciendis doloribus fugiat debitis.,994
Ergonomic Steel Keyboard,Nampa,Voluptates tempora omnis eius adipisci eos nihil eius.,944
Generic Fresh Tuna,Johnstonhaven,Aut deserunt at est doloribus quis eos.,419
Rustic Wooden Bacon,North Alexanefurt,Consequatur hic ut qui quas quis voluptatum nulla.,110
Awesome Rubber Chair,Gary,Qui adipisci soluta dolor placeat consequatur et consequatur.,789
Small Fresh Mouse,New Oleta,Neque culpa sed vel voluptatem recusandae explicabo occaecati temporibus.,417
Tasty Metal Tuna,West Torrey,Eligendi sit quasi harum et dolorem distinctio.,470
Sleek Wooden Shoes,Stehrville,Amet ipsa vitae est officia.,721
Intelligent Metal Bacon,West Keely,Libero dolor quibusdam consectetur et excepturi quis dolorem aliquid.,986
Refined Cotton Mouse,North Bessieberg,Rerum consequatur nam adipisci distinctio voluptatum eveniet natus et odio.,618
Licensed Frozen Bike,Odiechester,Libero vero voluptatem quasi et.,213
Awesome Cotton Ball,Jedediahfort,Doloremque beatae et similique qui explicabo quia magni.,778
Small Frozen Bacon,North Millie,Tempore deserunt est explicabo cumque praesentium laborum voluptatum ut.,149
Practical Fresh Chair,Philipview,Dignissimos quam vel.,683
Intelligent Steel Tuna,Adalbertohaven,Veniam vel fugit dolores.,971
Awesome Plastic Keyboard,Treutelfort,Sit cupiditate eum aperiam aut culpa omnis possimus quia tenetur.,505
Handmade Frozen Shirt,Emersonmouth,Qui inventore nemo et est.,643
Generic Granite Chicken,Lubowitzhaven,Laborum debitis cum est accusamus maxime placeat.,273
Rustic Concrete Cheese,Nathanview,Non voluptas consequatur beatae est.,481
Intelligent Rubber Keyboard,Country Club,Et cum quidem sed atque.,865
Incredible Cotton Ball,Aureliaton,Reiciendis et ut laboriosam rerum fugit.,317
Sleek Fresh Ball,Vidafort,Eligendi dolorem cupiditate excepturi.,958
Rustic Fresh Pizza,Cutler Bay,Voluptas illum reiciendis explicabo ea incidunt optio sunt nihil praesentium.,826
Intelligent Granite Towels,Emardport,Numquam velit quaerat ipsa.,521
Ergonomic Fresh Hat,West Estherland,Labore voluptatem fuga alias ea iusto ex nisi.,167
Licensed Soft Pants,Lake Sydni,Laudantium fugiat aut aut sit ducimus omnis et aperiam ea.,102
Handmade Rubber Gloves,Stacyfurt,Numquam assumenda delectus et hic voluptas est vero.,71
Refined Concrete Gloves,Lake Mikelmouth,Id quo voluptatem est quia quidem mollitia autem.,972
Small Frozen Keyboard,Port Edythemouth,Voluptatem est vel sapiente modi quo.,958
Incredible Soft Salad,Port Joliefurt,Dolore nulla eum harum voluptatem qui sint esse laborum.,112
Sleek Concrete Table,Schinnerville,Cupiditate fugiat quo eveniet ut.,707
Handmade Cotton Chicken,West Kory,Sit ut officia cupiditate.,165
Awesome Rubber Keyboard,East Antonia,Omnis in est totam.,781
Intelligent Granite Cheese,East Bonnie,Iusto et quos qui dolorem dolore quae.,832
Sleek Steel Shoes,Lee's Summit,Quidem quidem quis inventore tempore minima.,295
Small Plastic Shoes,South Jessietown,Necessitatibus ratione amet odit voluptatem placeat aut aut blanditiis rerum.,836
Incredible Plastic Shirt,Clifton,Quam voluptatum voluptatem non occaecati ut et.,469
Incredible Granite Towels,New Rhett,Ullam sed minima ea ad voluptatem qui temporibus et.,850
Gorgeous Metal Shirt,Eugene,Error asperiores perspiciatis vel voluptas id voluptas aut ullam.,7
Gorgeous Plastic Sausages,Folsom,Ea explicabo quia dolorum eos aut et qui nulla commodi.,828
Unbranded Fresh Mouse,Nelsmouth,Atque dignissimos nostrum optio sint placeat cupiditate necessitatibus dignissimos.,144
Handcrafted Cotton Tuna,Prosaccoberg,Quod omnis deserunt alias ut nisi ut perspiciatis ut.,864
Handmade Plastic Chips,Mitchellville,Aut dolor quae et cum.,679
Awesome Soft Keyboard,West Emiliano,Impedit dolorem ipsum enim animi qui autem eligendi veniam.,991
Sleek Cotton Gloves,Naperville,Quos ea perferendis eius quod laudantium qui.,12
Ergonomic Metal Cheese,West Trey,Eaque sequi sint iste sunt consequatur.,222
Generic Steel Keyboard,Paucekhaven,Quisquam autem error impedit occaecati sint asperiores.,73
Unbranded Concrete Keyboard,South Deanton,Animi omnis quos sed quidem sit maxime quidem porro ut.,628
Handmade Cotton Shirt,Fountainebleau,Aut voluptatem dolorem.,292
Unbranded Steel Pants,Gertrudetown,Autem expedita sit quis aut debitis omnis dolores voluptate.,724
Incredible Metal Chair,Paramount,Illo ut suscipit.,347
Gorgeous Metal Chair,North Vivienneville,Non quod aliquam incidunt est.,781
Refined Steel Cheese,East Angelo,Qui perspiciatis quam molestiae ea.,87
Small Fresh Pants,Strongsville,Dolor omnis eius ipsum magnam laborum inventore.,571
Handcrafted Fresh Sausages,Abernathyside,Eum rerum at ea qui consequatur fugit dicta ab quis.,58
Ergonomic Fresh Tuna,Port Braden,Voluptas quaerat possimus qui voluptas autem beatae.,33
Unbranded Steel Gloves,Gainesville,Velit veniam delectus esse necessitatibus consequatur.,731
Awesome Fresh Salad,Predovicburgh,Veritatis ex vitae a consequatur et illum.,993
Ergonomic Cotton Shirt,Carolina,Error autem incidunt est dolorem necessitatibus amet sit rerum dolorem.,673
Tasty Rubber Hat,Strackefurt,Molestiae doloribus incidunt quidem.,24
Practical Cotton Sausages,West Alexandreport,Necessitatibus esse consequatur.,708
Unbranded Soft Fish,Swiftview,Aut cupiditate assumenda voluptate.,795
Practical Soft Bacon,Port Orange,Rem impedit omnis ratione sint tempora similique temporibus.,757
Fantastic Concrete Keyboard,Kokomo,Consequatur temporibus dolore atque excepturi doloremque.,467
Ergonomic Rubber Chips,Youngstown,Qui ut occaecati veniam nulla qui perspiciatis quia ut.,456
Handcrafted Steel Salad,Adelleborough,Fugit est facilis pariatur.,637
Gorgeous Plastic Bacon,Laurenceville,Delectus aliquid repellendus aspernatur aut sit.,311
Practical Fresh Sausages,South Makenziefurt,Autem odio veritatis est est eos occaecati.,913
Ergonomic Concrete Computer,East Dandreville,Ut accusamus nesciunt dolor aut alias quia nihil autem.,622
Practical Soft Chair,Rancho Santa Margarita,Molestiae deleniti dolore vel.,206
Small Concrete Computer,Mraztown,Qui consequatur pariatur.,993
Incredible Wooden Chair,Ebertchester,Alias et explicabo aut minima officia odit aut aspernatur voluptatem.,177
Rustic Fresh Hat,Tallahassee,Dolores consectetur et reiciendis.,984
Fantastic Fresh Chicken,Hamillmouth,Dicta deleniti nesciunt.,57
Rustic Metal Ball,Gersonton,Eos ut soluta eum dolores ut aliquam blanditiis laudantium cupiditate.,987
Awesome Fresh Salad,New Christopside,Reiciendis ipsam voluptatibus sequi nulla necessitatibus recusandae iusto quo.,322
Gorgeous Rubber Towels,Elyria,Architecto odit iusto officiis omnis dolorem non suscipit.,450
Refined Concrete Towels,Yonkers,Maxime ea voluptas non odit nam voluptate suscipit quos dolorum.,228
Incredible Soft Chair,East Koleville,Magnam ullam excepturi non ipsum labore voluptates sunt natus dolorem.,680
Refined Steel Bike,West Guillermo,Et optio deserunt in.,780
Handcrafted Granite Tuna,South Keaganport,Dolorem molestias est quia consequatur id dolore qui.,41
Practical Fresh Gloves,Port Gracielachester,Praesentium minus voluptatum hic.,852
Intelligent Metal Bacon,Jacksonville,Ipsa ipsum itaque ipsa in vitae est.,839
Intelligent Plastic Keyboard,McDermottside,Maxime maiores quisquam voluptas et quae qui nesciunt.,115
Intelligent Wooden Towels,South Colleen,Molestiae id est voluptas omnis voluptate.,351
Awesome Metal Car,Biloxi,Quis repellendus numquam dolor.,426
Licensed Fresh Table,State College,Quo similique blanditiis.,577
Small Wooden Shoes,Desireechester,Aliquam magni ut molestias voluptatem minus soluta velit similique recusandae.,649
Sleek Steel Car,Waco,Perspiciatis et magnam inventore aut odio exercitationem dolor deserunt.,989
Intelligent Rubber Bacon,Lehnerburgh,Omnis qui sed non voluptates mollitia.,50
Handmade Plastic Salad,East Mozellchester,Ut rerum dolore vitae deserunt quam natus qui labore voluptatibus.,648
Rustic Rubber Shirt,Port Abelardo,Est accusamus ad quisquam magni impedit officiis.,23
Tasty Steel Car,Vidaville,Quaerat enim sapiente id deleniti enim optio sunt qui aut.,281
Awesome Metal Shirt,Natalialand,Laborum reprehenderit tempore iste voluptate assumenda in mollitia nobis.,947
Awesome Wooden Pants,North Damien,Voluptas adipisci maxime laborum aliquam.,453
Incredible Steel Chicken,Hauckshire,Labore ex et maxime rem.,338
Licensed Fresh Bacon,Rapid City,Vel quis et nobis tenetur necessitatibus voluptatem.,931
Rustic Frozen Pants,Rutherfordchester,Expedita assumenda quo ut molestiae non nihil.,594
Fantastic Soft Fish,Port Maude,Soluta vero magni dicta aut eius ratione dolorum.,409
Fantastic Granite Sausages,Abernathyshire,Illo sed autem beatae ipsum vel magnam quo sed.,822
Sleek Wooden Table,Jonesbury,Fugit aspernatur sunt quo sapiente adipisci et vel blanditiis.,374
Licensed Metal Fish,Corwinburgh,Fugiat a natus quam dicta non.,165
Tasty Steel Shirt,East Louie,Id consequatur aut sunt facere in necessitatibus.,21
Incredible Cotton Bike,Leannonchester,Distinctio consequuntur qui sint laudantium sint aut.,744
Sleek Wooden Keyboard,South Davonte,Suscipit sit impedit.,856
Incredible Rubber Table,Roseville,Libero quis aut qui doloremque atque deserunt.,687
Licensed Frozen Gloves,New Tracey,Nemo quia cupiditate esse quia explicabo dolorem et doloribus ut.,336
Rustic Soft Hat,Medford,Aliquid fuga iure qui quia maiores ipsa sed.,262
Sleek Metal Shirt,East Electatown,Dolor qui iure voluptas iusto maiores nesciunt alias.,770
Handmade Fresh Pizza,Kaleighberg,Est dicta sint commodi eius libero.,499
Fantastic Soft Computer,Gersonmouth,Excepturi autem et possimus.,477
Incredible Frozen Sausages,Lorenztown,Earum provident enim repellat esse repellat sint est est qui.,863
Sleek Steel Fish,Erikville,Similique soluta at.,757
Refined Granite Mouse,El Cajon,Dolore enim omnis voluptas maiores autem et.,764
Fantastic Cotton Keyboard,Kyrastad,Vitae possimus porro expedita ut ut tenetur.,578
Refined Soft Ball,Frederick,Molestiae ipsa nihil.,696
Small Plastic Tuna,Port Kian,Labore harum animi quo tempora repellat unde necessitatibus nam.,482
Sleek Rubber Chair,Thielland,Ea quia illum doloribus suscipit et iure quam.,693
Ergonomic Metal Chicken,Irvine,Inventore commodi molestiae molestiae ipsa suscipit quis aliquid.,172
Small Concrete Pants,York,Ut corrupti beatae quasi iusto quibusdam.,270
Sleek Cotton Table,New Sadie,Labore est autem numquam id quasi et unde fugit.,381
Tasty Rubber Mouse,Port Mohammedmouth,Harum omnis cupiditate recusandae sint animi veniam necessitatibus.,364
Fantastic Fresh Shirt,New Mikelshire,Qui in occaecati et non quia dicta.,864
Handmade Wooden Bacon,Antonetteton,Aspernatur nulla explicabo perspiciatis voluptatem alias reiciendis.,91
Intelligent Rubber Shoes,Gutmanntown,Ex sint minima temporibus in eligendi fugiat.,80
Gorgeous Metal Sausages,North Michaela,Illum et dolor officiis.,260
Intelligent Soft Shirt,North Casimir,Et fugiat a sit ducimus consequatur.,411
Tasty Frozen Bacon,Nolanchester,Quaerat nostrum omnis modi rerum sequi iste et suscipit.,870
Refined Fresh Table,Nicolasburgh,Ratione ut in quod fugit.,569
Handmade Rubber Cheese,Philipbury,Eos odit perferendis ut occaecati nesciunt accusamus dolores.,488
Small Soft Fish,Milwaukee,Possimus ea dolor mollitia.,803
Incredible Fresh Bike,Lake Izaiahside,Recusandae ullam accusamus impedit neque corrupti natus dolores eum neque.,72
Sleek Granite Sausages,Dennismouth,Nam nobis odio minima voluptatum nostrum ex error blanditiis accusantium.,848
Licensed Concrete Cheese,Lowell,Repellendus voluptas alias officiis possimus.,917
Gorgeous Wooden Shoes,Sunrise,Porro eos molestiae consequatur error asperiores consequuntur.,4
Unbranded Rubber Tuna,South Lance,Possimus saepe quidem.,30
Generic Fresh Gloves,Manhattan,Sequi dolor animi.,241
Gorgeous Plastic Hat,Antoninafurt,Exercitationem ut earum fuga qui aut ullam aliquam aspernatur delectus.,140
Tasty Metal Soap,Chadrickshire,Et sed suscipit delectus.,49
Refined Concrete Sausages,Wandaview,Tempora quis rem.,589
Incredible Granite Chicken,South Isadore,Sit quas voluptas vero veniam dolore.,85
Gorgeous Metal Soap,Vernietown,Et sit omnis.,533
Handmade Fresh Salad,Kunzemouth,Neque id et maiores et ut velit voluptas dolorem.,813
Rustic Metal Salad,West Herthafort,Doloremque velit veniam sint dignissimos voluptatibus accusantium doloremque eaque nobis.,576
Practical Plastic Tuna,North Huberttown,Nostrum ratione asperiores laboriosam praesentium sunt magni.,555
Fantastic Fresh Chicken,Schillerstad,Aut suscipit illo nobis sit et qui aliquam voluptas fugit.,209
Gorgeous Rubber Sausages,New Elvera,Impedit nam recusandae consequatur rerum.,130
Gorgeous Rubber Salad,Heidenreichstad,Maxime et sed voluptas porro aut error quasi.,371
Refined Cotton Gloves,Haagville,Iure non minima facilis.,677
Handmade Concrete Shoes,Grand Island,Rem iusto sit molestiae quis labore vitae qui consequuntur dignissimos.,134
Refined Frozen Chair,New Enidchester,Officia sint mollitia ea eum est esse.,337
Rustic Steel Towels,Joliestad,Tenetur magnam repellat voluptatibus qui voluptatibus vero aspernatur est beatae.,269
Handcrafted Steel Chicken,Columbia,Suscipit minus aperiam vero iusto.,735
Practical Wooden Shirt,South Tate,Cum cumque in.,678
Generic Steel Bacon,Port Brad,Ratione qui error laboriosam eum.,991
Gorgeous Fresh Hat,Port Dulceside,Dolore veritatis eligendi ipsum eum sint minima dolorum ratione.,768
Fantastic Concrete Shirt,South Ian,Ullam dolor dolore.,489
Practical Wooden Chair,South Heberberg,Consequuntur qui beatae.,297
Gorgeous Rubber Pizza,Schulistfort,Pariatur laboriosam quo maiores dolorem nostrum et.,46
Gorgeous Fresh Salad,Eldafort,Alias nesciunt minus et provident doloremque.,577
Handmade Wooden Car,Taniaville,Quae modi est rem quia veritatis itaque et est reprehenderit.,83
Tasty Fresh Mouse,East Savionberg,Doloribus suscipit ut ipsam ipsam.,10
Rustic Soft Chair,New Sherwood,Nobis sit ducimus velit soluta voluptas tempore architecto.,803
Intelligent Frozen Towels,North Miracleview,Sit pariatur harum.,369
Refined Metal Soap,Donnellytown,Sequi ipsam ut.,432
Generic Fresh Bike,Gleichnerfurt,Aperiam dolore magnam dolor quod quia perferendis officia libero a.,829
Handcrafted Fresh Pants,East Caleigh,Harum voluptatum placeat quibusdam aut minus officia vero repudiandae dolorum.,240
Refined Soft Sausages,North Jaron,Est sint nulla maxime.,706
Fantastic Wooden Tuna,South Aurelieview,Dignissimos reprehenderit voluptatem adipisci tenetur corrupti aut sequi.,276
Handmade Frozen Pants,New Kristoferstad,Quis beatae soluta explicabo quae nesciunt illo aut quia id.,930
Licensed Plastic Bacon,Mayeshire,Enim dolore enim repudiandae praesentium et.,379
Fantastic Frozen Tuna,Nienowchester,Quis rerum deserunt voluptatum velit eos suscipit quae.,315
Sleek Rubber Shoes,West Orlo,Excepturi animi aut.,381
Awesome Granite Car,North Micah,Mollitia non dolor.,352
Handcrafted Rubber Pants,Daniellechester,Nostrum aliquid ad vitae.,758
Gorgeous Plastic Table,Huntsville,Et adipisci voluptates.,348
Generic Steel Shoes,Larkinstad,Doloribus officiis sint et in non est qui veritatis nostrum.,594
Tasty Concrete Gloves,Port Libbytown,Quos amet neque odio.,342
Awesome Concrete Keyboard,Jenkinsfort,Dolores suscipit magni amet.,261
Generic Metal Mouse,Melliehaven,Velit recusandae sint sunt repudiandae aliquam quod et.,842
Gorgeous Frozen Ball,O'Fallon,Vero praesentium quas.,551
Licensed Concrete Pants,New Orionbury,Quisquam veniam nam architecto aut voluptatem consequatur.,395
Refined Granite Car,West Norwoodland,Est quos qui et sunt quasi est eveniet.,925
Ergonomic Fresh Chicken,Eliseside,Harum ducimus ipsa odio delectus ea libero sapiente.,627
Intelligent Fresh Soap,Jacobsonville,Magnam est maiores accusamus qui et quis aliquam voluptas in.,577
Sleek Metal Bike,New Ransom,Excepturi explicabo soluta nemo harum possimus.,445
Small Rubber Tuna,Lake Conor,Quia perferendis animi adipisci.,90
Handmade Metal Table,Florissant,Deleniti exercitationem consequuntur sed cum adipisci repellat ut a qui.,727
Fantastic Steel Chair,Port Rowland,Magni architecto explicabo aperiam.,895
Licensed Soft Table,Lombard,Voluptate consequuntur dicta ipsam iure voluptatem.,609
Rustic Metal Cheese,Lulafort,Et molestiae quam neque eveniet doloribus.,210
Handcrafted Cotton Towels,South Cristoballand,Aperiam suscipit dolor illum odio corrupti ea aliquam natus accusamus.,945
Small Rubber Mouse,St. Cloud,Magnam blanditiis perspiciatis dolorum molestias pariatur debitis.,466
Tasty Concrete Sausages,Gleichnerland,Fugiat ut recusandae tempore sed et rerum dolores cumque aut.,122
Ergonomic Fresh Pizza,La Habra,Et ut et expedita eos.,591
Unbranded Granite Pants,Lynn,Dolorem non ea.,108
Handcrafted Cotton Sausages,North Blazeburgh,Aliquid error enim illo rerum minima nisi rerum repellat.,680
Intelligent Concrete Salad,Grand Forks,Voluptas at assumenda odit occaecati.,774
Practical Soft Bacon,West Wanda,Repudiandae aut earum veniam.,467
Handcrafted Steel Pants,New Macie,Qui nostrum vero neque eius assumenda.,464
Practical Frozen Cheese,Yonkers,Eveniet facilis minus magnam ad pariatur qui vel placeat.,604
Ergonomic Plastic Table,Willmouth,Qui voluptas corporis quae rerum aspernatur quia.,409
Rustic Fresh Salad,Scottyfort,Et minima ullam cum quidem nihil qui sit inventore itaque.,911
Sleek Soft Bike,Lindmouth,Laborum et aut quis corrupti ut magnam consequatur est.,663
Unbranded Wooden Chicken,West Jaronchester,Itaque in ut.,26
Fantastic Fresh Table,San Antonio,Repudiandae recusandae rem qui ea voluptatem voluptatem culpa laudantium numquam.,211
Practical Frozen Gloves,Port Jerodfort,Et consequatur voluptatem quasi facilis reprehenderit repellat aut non.,769
Awesome Concrete Soap,North Sandrine,Hic distinctio sed.,840
Tasty Wooden Shoes,Sandyshire,Et dicta laboriosam id voluptatem temporibus reprehenderit omnis provident ipsum.,433
Tasty Steel Soap,Lakeland,Nam consequatur aut tempora enim ut minima minus.,269
Intelligent Fresh Tuna,Jeffersonville,Fuga repellendus ab ab autem animi perferendis.,897
Sleek Rubber Mouse,Goldnerberg,Iste accusantium voluptatem.,109
Small Granite Chicken,Corvallis,Debitis quia delectus qui optio accusantium quidem.,751
Tasty Steel Table,Elysefort,Mollitia ipsum labore non soluta et dolor consequuntur in aliquam.,164
Rustic Granite Pants,Charlieton,Voluptatem vero rerum.,591
Tasty Fresh Shirt,Friesenside,Dolore deleniti quam numquam consequatur nobis asperiores corrupti neque.,659
Small Steel Mouse,Armstrongville,Vitae iure ea suscipit molestiae doloremque dolorem ipsum rerum.,941
Fantastic Fresh Hat,East Xander,Facilis inventore veritatis unde consequatur voluptates neque.,175
Gorgeous Metal Gloves,Natchester,Aut quia doloremque voluptas suscipit.,545
Handmade Rubber Shoes,North Herminamouth,Occaecati quia animi iure aut.,95
Sleek Granite Hat,Bechtelarberg,Facilis porro voluptates pariatur.,667
Licensed Cotton Towels,Creminbury,Velit eveniet ducimus libero eveniet assumenda vitae nesciunt sunt ea.,278
Gorgeous Concrete Ball,Smithborough,Aut maiores enim ut quae iusto laudantium.,774
Handcrafted Concrete Table,Stoltenbergstad,Est rerum reprehenderit atque totam.,343
Incredible Soft Towels,New Linwood,Reprehenderit et rerum quaerat.,542
Generic Frozen Table,Port Lucileside,Accusantium nisi sint dignissimos id aspernatur.,816
Gorgeous Steel Ball,Newark,Culpa et aut mollitia qui blanditiis.,100
Small Metal Soap,Fall River,Reprehenderit nihil tempora.,982
Incredible Metal Soap,Harryberg,Nam ullam modi harum cum.,188
Tasty Frozen Shoes,Auburn,Ducimus culpa molestiae ipsum fugit dicta.,32
Fantastic Cotton Chair,Wichita,Aut a aliquam ut facere deleniti id id provident quisquam.,971
Refined Plastic Shirt,East Edd,Et ut consectetur qui dolorum ut et minima aliquid velit.,414
Incredible Rubber Pants,Strosinshire,Nesciunt et ut delectus dicta ut quae iure iste quam.,54
Ergonomic Wooden Chicken,Norwalk,Cumque aspernatur et neque consectetur veritatis blanditiis.,606
Sleek Fresh Chips,Battle Creek,Rem adipisci necessitatibus aut necessitatibus et quia.,821
Sleek Metal Car,Omariview,Illum quam similique placeat repudiandae soluta ad sequi.,324
Intelligent Wooden Cheese,Lake Rowlandborough,Nisi illum a accusamus tenetur voluptatem enim.,816
Sleek Cotton Bike,West Eulamouth,Aut natus animi aut saepe eaque harum.,64
Intelligent Rubber Chips,Neilville,Repellendus architecto cupiditate.,712
Fantastic Steel Mouse,Davis,Consequatur reprehenderit iure.,397
Licensed Granite Chips,West Ressiemouth,Ut nihil ipsam eos illum cum ut quod nobis.,803
Tasty Fresh Cheese,Bobbietown,Assumenda itaque quo rerum aliquid omnis.,27
Incredible Plastic Soap,North Maxime,Iste commodi autem atque eligendi.,472
Intelligent Cotton Tuna,Angusland,Velit aut quidem dicta aut quam.,748
Handmade Frozen Chicken,Spencerfort,Veniam vero in eum tenetur unde eos.,661
Rustic Soft Chair,Stokesstad,Et repellat optio est.,653
Rustic Concrete Chair,Nashua,Aut rerum eos ut non deleniti qui qui.,702
Small Granite Towels,Padbergshire,Et cupiditate consequatur.,556
Licensed Fresh Table,Homestead,Earum iusto vel labore enim laudantium blanditiis nobis excepturi.,297
Incredible Granite Bacon,Plano,Libero velit doloribus suscipit.,276
Intelligent Fresh Pizza,Legrosville,Dicta alias voluptas fuga sequi maiores voluptas libero.,95
Gorgeous Wooden Pants,Reichertbury,Praesentium odit totam doloribus saepe ducimus nam laudantium recusandae.,327
Licensed Rubber Cheese,West Enachester,Ex qui esse est quia debitis.,210
Gorgeous Fresh Ball,Harmonberg,Consequuntur sit ipsa molestiae non ea ratione sed.,776
Handcrafted Concrete Bacon,Johnsonshire,Consequatur ut ad aut deleniti.,405
Gorgeous Metal Mouse,Hackensack,Quisquam odio numquam ut consequatur.,472
Sleek Wooden Chair,Eldridgeburgh,Officia accusamus quasi dolore necessitatibus odio autem nihil.,143
Intelligent Plastic Computer,New Sarah,Ut aut perspiciatis debitis.,406
Incredible Cotton Towels,Owensboro,Molestias consequuntur ipsum laborum vel laboriosam nisi.,627
Handcrafted Steel Salad,North Francoborough,Velit iste unde minima ut et.,618
Gorgeous Concrete Fish,East Katlynborough,Nisi est aut at.,490
Licensed Soft Tuna,Jackson,Modi maiores doloremque nesciunt quo similique ut.,821
Fantastic Fresh Chips,North Gianni,Harum a sunt ut quia doloribus voluptate hic occaecati placeat.,785
Handmade Soft Mouse,New Adriannaport,Dolorum quaerat aspernatur adipisci maxime nihil culpa voluptatibus fuga.,215
Tasty Wooden Ball,Lillamouth,Sequi ipsa vero quam exercitationem.,851
Unbranded Wooden Ball,Kiarraberg,Nihil culpa distinctio.,717
Intelligent Steel Gloves,New Theodorebury,Odio illo vel neque a reiciendis ea ullam.,680
Refined Wooden Pants,East Jenifer,Nam est praesentium magni amet ut est quasi.,346
Ergonomic Plastic Shirt,San Ramon,Quidem eum vel explicabo omnis provident omnis.,71
Licensed Wooden Bacon,Monteton,Eos a ea vel.,946
Gorgeous Granite Chicken,North Sigmund,Enim earum sequi nobis rerum assumenda corporis rerum.,263
Generic Rubber Table,Marianafurt,Sint id assumenda excepturi et eveniet illum sit voluptatem deleniti.,762
Generic Concrete Tuna,Dickenschester,Quos adipisci qui.,461
Unbranded Wooden Soap,Marjolaineside,Reiciendis nihil sit voluptates enim.,441
Rustic Cotton Chicken,Lake Pierceport,Facilis praesentium suscipit ipsum ipsum voluptatum consequuntur.,882
Tasty Wooden Car,Charlieland,Quis repellat sint.,469
Handcrafted Granite Shoes,East Eladioport,Cum sit nemo ipsam suscipit.,304
Generic Cotton Soap,New Lucienne,Voluptatum magnam hic iusto aut.,870
Intelligent Concrete Salad,Micahshire,Voluptates aut soluta recusandae placeat eos saepe qui.,145
Sleek Concrete Cheese,Fadelfort,Consequuntur vel dicta ipsam mollitia.,32
Ergonomic Soft Ball,Port Juliefort,Blanditiis dignissimos architecto aut.,391
Awesome Steel Chips,Hirthebury,Est et soluta sunt doloremque consequuntur amet explicabo.,60
Ergonomic Granite Computer,West Darrel,Unde et qui possimus suscipit.,255
Sleek Wooden Sausages,Cape Coral,Eius autem enim dolor voluptates earum cupiditate deleniti.,209
Rustic Granite Bacon,Porterville,Officia ducimus rerum est.,773
Practical Wooden Mouse,New Reilly,Ut sequi omnis officiis necessitatibus pariatur.,205
Handcrafted Steel Bike,Mishawaka,Commodi et modi nemo aut quis ab beatae.,542
Licensed Rubber Car,Kesslerchester,Deleniti temporibus et.,467
Licensed Soft Sausages,Reingerport,Quaerat unde amet suscipit non officiis dicta.,677
Refined Metal Sausages,Lake Aryanna,Eum rerum voluptas nostrum consequatur esse perspiciatis atque.,780
Small Wooden Chips,Caitlynborough,Ipsa eveniet sit quidem et quibusdam.,924
Practical Granite Mouse,West Zacheryfurt,Dignissimos atque ipsa aperiam quos harum.,873
Intelligent Plastic Car,Fort Wayne,Sit quas aut corrupti vitae doloremque omnis dignissimos assumenda.,710
Licensed Plastic Towels,Louisville/Jefferson County,Dolore vel ut molestiae impedit.,163
Licensed Plastic Hat,Hannaville,In voluptas et soluta blanditiis cupiditate.,153
Handmade Wooden Sausages,Theresaport,Totam a aut quaerat aspernatur architecto fuga non repellat.,361
Incredible Rubber Towels,Tristonfort,Nemo et ea corporis alias nostrum facere iure velit.,706
Handcrafted Frozen Keyboard,Blandaberg,Necessitatibus qui nihil aut architecto placeat consequatur consequatur.,433
Rustic Wooden Pants,Waipahu,Asperiores dolorem ipsa velit libero ut iure velit.,991
Ergonomic Metal Ball,South Andersonfort,Aut repudiandae quasi veritatis autem qui dolores.,806
Tasty Metal Car,Wildermanfurt,Id ipsam deleniti voluptas vitae ab aperiam.,777
Unbranded Fresh Table,West Darius,Voluptatem nemo dolores quia quia sint ex illum.,199
Gorgeous Soft Fish,Port Katlyn,Nulla dolorem dolores enim repellat nihil quia.,938
Fantastic Frozen Shirt,Lake Hebershire,Sed deserunt eligendi.,424
Sleek Fresh Ball,Grand Island,Voluptatibus saepe rerum ut odio amet sapiente ut temporibus et.,485
Practical Rubber Shirt,McKenzieborough,Dolorum nemo ipsam saepe.,875
Practical Concrete Computer,New Danial,Illo adipisci consequatur rerum est nemo voluptas incidunt et.,209
Gorgeous Rubber Mouse,Purdyview,Et nihil eos sit molestiae architecto tempora repellendus.,568
Rustic Steel Chair,North Retamouth,Architecto repudiandae omnis.,111
Fantastic Wooden Table,East Sedricktown,Illum nulla minus quam repellat.,875
Rustic Plastic Shoes,Millshaven,Dolores soluta neque.,246
Generic Concrete Bike,Catharineburgh,Reiciendis eaque minima.,908
Licensed Frozen Computer,Richmond,Laboriosam mollitia animi ipsa temporibus harum sunt ex.,674
Fantastic Fresh Tuna,Abdielton,Ipsum quia non est doloribus alias.,454
Unbranded Granite Bacon,West Kavon,Qui aliquid nemo.,87
Incredible Metal Sausages,Kautzerborough,Eligendi autem officia.,760
Fantastic Granite Ball,West Theresia,Voluptatem iste voluptas nulla.,980
Small Fresh Cheese,Salem,Sed quia et cupiditate magni minus reiciendis provident optio voluptatem.,292
Unbranded Frozen Ball,Jarenhaven,Dolor et doloremque sit non omnis fugiat.,118
Tasty Cotton Car,Pansyfort,Quae id soluta et.,450
Refined Plastic Tuna,Mariammouth,Cupiditate odit aut.,920
Incredible Fresh Mouse,Dionburgh,Sed numquam beatae et eveniet unde.,356
Generic Steel Ball,Hoover,Alias dolore velit ratione esse sequi reiciendis.,440
Refined Granite Gloves,East Mollyland,Sit molestiae placeat eos id ad.,343
Practical Steel Chair,Oklahoma City,Distinctio sunt impedit et.,116
Ergonomic Rubber Chips,Beaumont,Quis earum eveniet quibusdam esse aut.,904
Licensed Cotton Pants,Loganstad,Non magni optio enim dignissimos neque possimus atque rerum molestiae.,612
Awesome Metal Keyboard,Reinatown,Sed non ut deserunt reprehenderit aut.,903
Refined Concrete Towels,New Kyraland,Illum quo omnis totam praesentium adipisci voluptas qui illo.,19
Practical Soft Keyboard,South Jordan,Rerum ipsum architecto ut autem alias at ipsum quidem sit.,467
Unbranded Rubber Chips,South Ona,Sint nostrum consequatur neque aut facilis omnis aut qui.,659
Handmade Concrete Bacon,Farmington Hills,Odio ipsum fugit.,113
Handcrafted Granite Fish,Brandoport,Architecto provident aut fuga.,149
Gorgeous Concrete Bacon,Lake Alexa,Magnam aut neque corporis cupiditate quae commodi.,660
Rustic Wooden Bike,East Sigmund,Labore deleniti perspiciatis error ut qui facere.,364
Refined Metal Ball,Port Leon,Et aut vel porro ipsum temporibus sint.,818
Incredible Concrete Shirt,East Verlieside,Rerum exercitationem occaecati sit sunt provident repellat incidunt qui.,660
Fantastic Plastic Gloves,Pittsburgh,Inventore dolor facere saepe quia eos.,200
Rustic Plastic Bike,North Shayleefurt,Consequatur illo fuga ex ut porro.,402
Intelligent Cotton Chair,West Octavia,Nihil nulla incidunt quaerat dolore.,36
Fantastic Fresh Chips,Padbergborough,Aut dolores excepturi eum repudiandae.,661
Handmade Plastic Keyboard,Marksfort,A officiis laboriosam earum sed expedita asperiores.,215
Generic Cotton Tuna,Lake Johnnieview,Expedita voluptas suscipit reiciendis sunt ipsa aut.,317
Small Wooden Table,Hanemouth,Magni exercitationem molestiae ut culpa.,29
Tasty Wooden Gloves,Independence,Fugit ut itaque quisquam quibusdam eius pariatur sunt.,176
Awesome Steel Pants,Wolffchester,Aliquid inventore rerum fugit voluptas laborum.,452
Tasty Concrete Shirt,Rickiefurt,Qui laudantium dolores ipsa atque nostrum nihil ullam omnis atque.,734
Incredible Cotton Chicken,West Sydney,Deleniti nihil dignissimos ipsam qui sapiente.,241
Handmade Soft Chair,West Clay,Ut pariatur ipsam veniam fugit.,834
Practical Plastic Shoes,Wisokyville,Facere nesciunt qui voluptatem aut molestiae dolor velit velit.,363
Ergonomic Wooden Chair,Hermistonton,Asperiores aut tenetur excepturi dolores eaque.,54
Unbranded Cotton Pizza,Mansfield,Assumenda qui odit eius perferendis omnis.,363
Refined Granite Cheese,Port Bellaport,Iste sint qui.,600
Incredible Steel Salad,Sheafort,Amet incidunt odio omnis ipsum voluptas ut quia laboriosam esse.,235
Generic Rubber Keyboard,West Princess,Temporibus et dolor voluptatum.,772
Rustic Metal Cheese,West Des Moines,Est quam quibusdam.,251
Unbranded Plastic Sausages,Daviston,Dolorum et iste nihil repellendus eos explicabo vel qui.,559
Handcrafted Rubber Pizza,New Laura,Beatae nulla blanditiis modi fugit aut vel accusamus.,486
Practical Cotton Fish,New Ashton,Quia dignissimos ipsa et voluptatem omnis.,343
Small Metal Bike,Antelope,Eveniet aut mollitia laborum eaque repellat ut voluptas vitae.,360
Intelligent Metal Chicken,West Jacquesview,Veniam sit sit ipsa eveniet ut sed.,128
Rustic Frozen Computer,Croninview,Voluptas et blanditiis ullam aspernatur.,393
Licensed Granite Fish,North Santabury,Nostrum dolorem quasi.,125
Small Plastic Soap,Mooreborough,Consectetur quos tempore ipsam.,991
Intelligent Plastic Bacon,Lake Kenton,Non nesciunt aliquid sint.,312
Licensed Cotton Tuna,Missoula,Laborum similique dicta eum quaerat nesciunt.,608
Rustic Concrete Bacon,Port Eve,Minima consequuntur sed architecto id temporibus sint et dolor.,692
Licensed Wooden Towels,Port Emilefort,Facere velit reiciendis corrupti harum ipsa magnam iure.,846
Handmade Soft Pants,West Rocioborough,Porro blanditiis voluptas perspiciatis nam consequatur sed aut.,403
Intelligent Plastic Table,Dustinborough,Molestiae minima veniam consequatur sint.,315
Rustic Plastic Pizza,West Nicklaus,Ipsum amet vero deserunt consequatur in molestiae amet consectetur facere.,977
Handcrafted Cotton Cheese,South Nasir,Ut aperiam iure debitis.,263
Awesome Cotton Pants,Albany,Magnam ullam quasi numquam ea tenetur saepe.,318
Generic Wooden Salad,West Cruzstad,Exercitationem repellendus qui.,87
Gorgeous Rubber Bike,Port Fernandoberg,Minima autem quia dolorem reprehenderit.,283
Generic Steel Pizza,Green Bay,Ipsa nam repellendus sit laboriosam debitis nostrum id.,961
Practical Soft Pizza,Caguas,Deleniti vero deserunt excepturi voluptas ut deleniti temporibus nostrum.,230
Practical Granite Shirt,Lake Ursula,Sunt sit doloremque.,382
Gorgeous Plastic Pants,East Salvador,Impedit ab voluptatem ducimus adipisci excepturi atque impedit rerum.,80
Handcrafted Granite Towels,Lake Dale,Porro minima labore libero.,708
Generic Wooden Chips,South Charlotteborough,Non nihil perferendis blanditiis magnam porro commodi.,577
Rustic Rubber Shirt,New Kamron,Quo et nihil molestias.,491
Handmade Concrete Chair,Denton,Quibusdam ducimus velit sed veritatis quisquam autem.,127
Incredible Concrete Computer,East Krystal,Qui et eligendi ratione vel consequatur eius autem.,485
Licensed Granite Car,Harleychester,Eum in non explicabo aliquid quod ut.,819
Tasty Metal Tuna,Aiyanahaven,Natus ullam itaque exercitationem eum hic impedit.,894
Refined Metal Cheese,San Leandro,Sed voluptate qui fugiat.,246
Fantastic Cotton Soap,Yolandastad,Reprehenderit voluptas quia dolores sed explicabo.,271
Ergonomic Concrete Computer,Wilkinsonfurt,Quos amet qui.,162
Fantastic Cotton Sausages,Romagueraland,Voluptatum sunt nostrum.,647
Rustic Fresh Bacon,Effertzmouth,Aspernatur voluptatem omnis cum error ipsum.,88
Handcrafted Plastic Sausages,South Colleen,Est natus eligendi sint velit amet consequuntur velit.,132
Refined Concrete Pants,Zemlakville,Dolores optio dolorem fuga suscipit qui quia earum nobis doloribus.,489
Refined Frozen Hat,East Madisonberg,Nostrum beatae quasi.,447
Small Fresh Pizza,Ebbaborough,Sit vero reprehenderit quia nihil ut dolorem possimus enim.,451
Gorgeous Granite Computer,Lake Gabriellemouth,Dolorem beatae facilis iste eius aliquam dicta suscipit deleniti.,636
Tasty Plastic Chips,Lake Minervaland,Et optio incidunt.,367
Refined Granite Keyboard,Antoniabury,Voluptas accusamus molestiae asperiores id qui facere illo ad.,487
Licensed Metal Table,Howardtown,Est voluptatibus aperiam aspernatur et eos hic voluptatibus amet dicta.,908
Gorgeous Soft Chips,Meredithhaven,Voluptatum ullam autem.,923
Unbranded Fresh Soap,Port Deloresview,Repudiandae quas ut ullam vero aspernatur a voluptatum quia itaque.,321
Intelligent Granite Gloves,Stokeston,Ut rerum culpa voluptatibus voluptas quas voluptatem mollitia.,538
Licensed Wooden Shirt,Hicksville,Aut qui ut perferendis inventore et assumenda labore repudiandae ipsum.,320
Tasty Frozen Soap,Okunevafort,Accusamus ut dolorum voluptates omnis suscipit adipisci veniam debitis nobis.,285
Unbranded Frozen Pants,Cleveland,Exercitationem laborum incidunt officiis ullam a ut.,326
Practical Plastic Bacon,East Bonitaborough,Qui voluptate magni adipisci minus recusandae hic.,780
Licensed Wooden Bike,Jonasshire,Assumenda blanditiis dolor perferendis blanditiis dolor explicabo aut suscipit et.,652
Handcrafted Fresh Ball,Dayton,Ut ex labore aliquam facere.,175
Refined Plastic Keyboard,Stantonton,Et sunt architecto ipsam dolor.,860
Rustic Frozen Table,Donnatown,Molestias iure ab.,711
Fantastic Granite Table,Spring Valley,In culpa deleniti.,979
Rustic Fresh Towels,Ewaldbury,Impedit qui id dolores est explicabo repellendus corrupti culpa.,841
Sleek Plastic Sausages,Vallieport,Illo enim blanditiis reprehenderit.,265
Licensed Concrete Fish,Morrisland,Animi ut aut magni consequatur consequuntur nam ipsum adipisci rerum.,355
Handmade Wooden Chips,Bethanyview,Accusantium rem nihil eum beatae est.,559
Sleek Wooden Bike,Port Anissa,Non ipsa magni voluptas esse alias natus et dolores.,414
Generic Soft Bike,Wheaton,Alias accusantium vitae nam est ex mollitia.,64
Handmade Steel Fish,Temple,Explicabo cum quasi est aut numquam dignissimos maiores.,524
Awesome Concrete Mouse,Bartonburgh,Praesentium rerum veritatis deserunt voluptatem omnis quia.,894
Generic Concrete Chips,New Hillard,Delectus ut sit.,359
Unbranded Metal Chicken,Pittsfield,Dolores aspernatur est aut et et animi corrupti natus eius.,498
Gorgeous Rubber Chips,East Providence,Sunt vero ipsam eum magni quae beatae illo laudantium.,391
Handmade Cotton Gloves,Mariahland,Quis voluptatum omnis tempora et ipsa suscipit id voluptatem accusamus.,750
Unbranded Rubber Chair,Moenview,Fugit quia provident necessitatibus.,220
Rustic Metal Chips,Irvine,Reiciendis laboriosam aut tenetur provident maiores ut consequatur.,243
Refined Wooden Shoes,Port Bretberg,Aut in quisquam quia ut eaque iusto qui.,952
Sleek Wooden Gloves,Marksburgh,Ipsa sit et.,438
Tasty Soft Bike,South Jacky,Nemo libero reiciendis quibusdam excepturi quo quam libero.,804
Generic Plastic Bike,Hansfurt,Dolores iste assumenda debitis sit expedita dolorem tenetur.,874
Handmade Wooden Bike,South Aisha,Voluptatum quam nobis fugit dolores totam.,39
Generic Fresh Fish,Dublin,Esse quis consequatur accusamus eum exercitationem commodi tenetur velit.,453
Gorgeous Concrete Pizza,South Yoshiko,Est magni et distinctio.,160
Gorgeous Metal Bacon,Armstrongville,Est est tenetur qui ad placeat et maiores et et.,537
Small Frozen Salad,Goodwinhaven,Error et quis excepturi laudantium vel voluptatem optio id.,525
Practical Metal Towels,East Wiley,Fugit saepe ut qui.,239
Fantastic Soft Pizza,Foresttown,Dolore qui adipisci.,113
Intelligent Fresh Cheese,Port Antonina,Alias doloremque magni atque eum vitae voluptatem architecto.,748
Small Plastic Pizza,Visalia,Quidem rerum architecto accusantium.,878
Intelligent Granite Chips,Tressamouth,Suscipit aut asperiores repellendus.,768
Incredible Soft Pizza,Augustinehaven,Facilis velit aut autem quia aut tempore ut minima rerum.,216
Tasty Soft Hat,Lake Eudora,Ab odit illum natus libero.,129
Fantastic Wooden Gloves,Warner Robins,Dignissimos quis ut atque facere.,913
Intelligent Fresh Pants,Danielshire,Et numquam aspernatur expedita placeat.,53
Handcrafted Metal Gloves,Lake Ned,Qui dolor dolorum sunt sequi consequatur ut et.,723
Unbranded Frozen Hat,Cartwrightbury,Quo nam modi adipisci voluptatem.,664
Intelligent Concrete Keyboard,West Royalmouth,Laborum quod vel.,153
Sleek Fresh Computer,Jackelineport,Ratione est exercitationem autem at autem inventore asperiores aut harum.,547
Intelligent Fresh Pizza,Longview,Et temporibus dolore cum maxime iusto et ea.,243
Ergonomic Metal Tuna,Port Jalonfort,Et laudantium minus sunt non qui.,736
Rustic Cotton Soap,Port Percivalview,Sit minus qui aliquid et est et aut molestiae.,22
Refined Fresh Chair,New Jeff,Aliquid ut fugit a et consequatur.,83
Incredible Frozen Bike,Lake Johnathan,Quia suscipit alias amet rerum commodi accusamus exercitationem.,453
Handcrafted Cotton Keyboard,Roseburgh,Mollitia ut non asperiores temporibus qui.,743
Generic Plastic Bacon,Emeliehaven,Ut aliquam tenetur deserunt iusto non laboriosam eum incidunt.,703
Handcrafted Steel Salad,Wymanberg,Consectetur aut amet in omnis et autem quae qui.,147
Generic Metal Tuna,Jacobistad,Odit quasi eius doloribus officiis itaque laborum culpa.,499
Tasty Metal Mouse,Port Hughmouth,Doloremque qui pariatur.,836
Tasty Metal Shirt,Esperanzaside,Illum omnis minima aspernatur.,970
Handcrafted Rubber Cheese,Torreyside,Aut quis facilis aut dolor laborum voluptatem quam.,717
Intelligent Metal Tuna,Springfield,Amet consectetur optio nam provident ipsum.,46
Awesome Granite Shirt,South Maryburgh,Ex sint deserunt ducimus neque omnis tenetur.,246
Gorgeous Wooden Chips,Wintheisertown,Inventore sit facere aspernatur possimus recusandae odit sed omnis.,753
Generic Fresh Gloves,Concord,Amet aliquam sunt saepe commodi.,185
Fantastic Fresh Cheese,Mitchellmouth,Ducimus rem voluptatum tenetur quos odio consequatur.,91
Handmade Granite Chicken,Leschhaven,Omnis ratione perspiciatis reprehenderit est amet.,38
Ergonomic Steel Computer,Sunrise Manor,Quae odio libero est.,409
Ergonomic Frozen Gloves,West Patricia,Accusantium pariatur ut.,829
Tasty Fresh Cheese,Woodbury,Nesciunt ut blanditiis nihil iste dolor alias.,171
Fantastic Concrete Cheese,Lubbock,Molestias unde autem qui alias itaque delectus voluptatem vitae placeat.,697
Fantastic Metal Soap,Riverton,Enim libero dignissimos dolores optio vel et.,579
Rustic Soft Mouse,Vergieton,Earum reprehenderit ipsa perspiciatis voluptatum doloribus deleniti incidunt incidunt debitis.,417
Licensed Soft Bike,Port Delia,Nihil voluptate doloremque est hic quo consequatur.,562
Handmade Metal Salad,Lake Mackenzie,Natus aut quos iste neque dolores et.,439
Sleek Concrete Fish,Lake Flossie,Ea sit excepturi sint inventore iste amet recusandae.,518
Generic Steel Bacon,Farmington Hills,Sit non animi voluptas omnis illo qui.,164
Generic Concrete Keyboard,North Abdul,Saepe ut velit ab.,339
Licensed Granite Sausages,Lake Havasu City,Omnis quas dolores sed qui et dolores et.,205
Intelligent Plastic Mouse,Dejahstad,Quaerat quos consectetur sapiente iste suscipit corporis unde.,387
Awesome Frozen Table,Dougland,Nemo ut enim vel voluptatibus qui.,752
Ergonomic Rubber Hat,Adonisburgh,Quia non sit.,962
Handmade Steel Shoes,Lake Alex,Officia qui beatae sit eius consectetur sint amet velit voluptate.,59
Handmade Metal Car,Abigailland,Qui doloribus sapiente quam dicta qui doloremque deleniti.,104
Intelligent Cotton Cheese,North Miami Beach,Et necessitatibus repellendus recusandae ut neque ut sed.,310
Ergonomic Concrete Pants,East Winstonbury,Cum delectus blanditiis natus deserunt id aspernatur nihil voluptatem sit.,499
Unbranded Plastic Pizza,New Mylene,Odio velit aut et ea rem et ducimus.,677
Rustic Rubber Pants,Lake Garthland,Doloremque autem asperiores atque voluptatibus nesciunt suscipit animi ratione.,169
Gorgeous Granite Shoes,Lake Aidanchester,Autem sed laudantium eum perspiciatis aperiam excepturi qui.,815
Ergonomic Rubber Chair,Parkerbury,Culpa alias aperiam asperiores.,994
Intelligent Rubber Bacon,Danielfurt,Quis sit illo ut et delectus fuga.,946
Intelligent Steel Tuna,Lake Ansley,Et et ut dolor amet est recusandae quis.,38
Practical Soft Shirt,Beerside,Aut occaecati corrupti est ut aut corporis sunt.,22
Handcrafted Frozen Tuna,West Joey,Est ipsum aspernatur iure dolores et.,250
Ergonomic Concrete Chair,Petramouth,Enim nihil voluptas iste beatae repudiandae ad autem.,54
Rustic Concrete Fish,Rowland Heights,Repellendus est eius iure quia soluta et sunt.,9
Awesome Metal Chair,West Alftown,Qui consequuntur quisquam.,349
Incredible Steel Pizza,South Marielle,Ducimus deserunt dignissimos quaerat et ipsam.,196
Gorgeous Rubber Cheese,North Nicolette,Soluta nulla distinctio id delectus ipsum occaecati.,821
Ergonomic Granite Gloves,New Lonniechester,Ullam eligendi impedit perspiciatis blanditiis a eum earum.,786
Refined Rubber Chair,Mikaylafurt,Non sunt temporibus et est et.,347
Handmade Frozen Car,Richland,Sed incidunt sunt ratione et amet autem.,766
Generic Plastic Computer,Tampa,Mollitia earum necessitatibus eos voluptas atque dolorem non rerum hic.,793
Intelligent Cotton Mouse,Port Chester,Amet ratione sapiente eligendi nesciunt qui.,574
Intelligent Frozen Cheese,Port Sierraberg,Adipisci repudiandae possimus sunt.,117
Practical Granite Soap,Port Kiaraton,Error enim illum nesciunt hic similique perferendis.,552
Fantastic Soft Towels,East Brian,Ut quae dolorem.,824
Ergonomic Wooden Shoes,East Jarenbury,Aut velit et dolore ut sunt voluptatem qui.,183
Gorgeous Soft Keyboard,Rippinshire,Neque saepe quas expedita non et dolorem.,54
Generic Steel Fish,Uniqueborough,Id rem qui facilis voluptatem nesciunt possimus non.,108
Licensed Cotton Pizza,Ratkefurt,Pariatur minima illo quasi voluptatum deserunt autem.,7
Generic Frozen Chair,West Arthurborough,Qui odit distinctio qui dignissimos dolor dolor quibusdam ad corrupti.,273
Awesome Fresh Towels,North Eliza,Quidem velit molestias.,432
Gorgeous Metal Chips,Olathe,Voluptatem nisi quasi inventore est neque non ut.,445
Awesome Cotton Bike,Boylefurt,Et non iusto voluptatem.,152
Tasty Granite Shoes,McKinney,Inventore aliquam id voluptatem molestias placeat quisquam illo.,794
Practical Soft Gloves,Santa Ana,Officiis et minus numquam qui unde.,571
Gorgeous Soft Towels,New Karli,Aut et culpa officiis ut minima maxime magnam.,891
Unbranded Fresh Bacon,Weissnatville,Qui nihil error sit ipsa omnis velit eum qui dolor.,514
Refined Granite Ball,Gastonia,Labore qui amet sint quasi.,130
Handcrafted Wooden Cheese,Rancho Palos Verdes,Non similique voluptate quia est doloribus natus rerum.,246
Fantastic Frozen Table,Dejuanport,Deleniti placeat doloremque debitis accusamus reiciendis excepturi dolor.,479
Practical Steel Bacon,Krisport,Pariatur voluptatem omnis laborum praesentium.,477
Handcrafted Cotton Computer,East Elijahborough,Facere voluptatibus non autem earum aut velit doloremque rerum ut.,158
Handcrafted Soft Pants,Schmelerhaven,Dolorem vero pariatur provident totam aut maiores repellendus officia debitis.,900
Handcrafted Concrete Hat,Freemanside,Voluptatibus cumque sed.,158
Fantastic Fresh Towels,Greggberg,Illo non quae in aut.,455
Awesome Concrete Ball,Darioside,Ut nobis molestiae error accusantium dolor libero.,129
Handcrafted Steel Chicken,Fall River,Sit unde laborum ut.,46
Refined Rubber Cheese,East Marjorieside,Ea soluta nulla id voluptas.,778
Intelligent Cotton Keyboard,Azusa,Aliquid nihil corporis corrupti sunt saepe molestiae aperiam officia.,210
Sleek Fresh Car,Brandon,Dolor similique iste ullam.,2
Intelligent Granite Mouse,North Zionshire,Dicta sunt sed inventore maiores enim.,726
Gorgeous Rubber Chair,Rutherfordtown,Nulla quidem quidem veniam saepe.,602
Refined Concrete Shirt,Carmelachester,Dolores voluptate quidem.,749
Licensed Plastic Table,Carterview,Quaerat qui perspiciatis aperiam ut deserunt aut rerum deleniti.,852
Generic Steel Cheese,Jamalville,Quia tempore rerum qui qui consequatur enim et.,92
Rustic Steel Computer,Lake Elinoreport,Quia maiores quam eius molestiae.,884
Intelligent Plastic Shirt,Port Estefaniaport,Aspernatur dolor et corrupti voluptate quae veritatis.,152
Handcrafted Metal Sausages,West Jaclyn,Ut quasi sed voluptates fugiat et.,597
Ergonomic Granite Car,East Vivabury,Qui et quos ipsum doloribus est sequi facilis est.,338
Generic Granite Tuna,Lake Melissa,Et et vel quia ipsam voluptatem nostrum possimus necessitatibus similique.,464
Handmade Granite Bike,MacGyverstad,Est voluptas accusantium voluptatem.,701
Incredible Metal Pizza,Anaheim,Magnam rem ut pariatur.,548
Rustic Metal Tuna,Dickishire,Rerum alias et quae nihil voluptas sit in suscipit placeat.,23
Unbranded Rubber Towels,Ann Arbor,Error saepe sit necessitatibus quas aspernatur quaerat aut eum facilis.,170
Refined Frozen Computer,Rickyshire,Dolorum sint unde animi qui.,868
Ergonomic Fresh Hat,Faheybury,Aliquam eum similique expedita porro perferendis.,906
Gorgeous Fresh Salad,West Bradly,Unde eveniet nemo totam praesentium non a.,617
Unbranded Fresh Keyboard,Kleinton,Sint id eius et.,736
Handcrafted Metal Table,North Jeromyhaven,Et qui quod ab sed et et.,116
Generic Plastic Computer,McClureland,Qui alias ut blanditiis.,883
Fantastic Metal Cheese,Port Thaliaton,Omnis eveniet distinctio voluptatem reprehenderit qui repellat illum.,66
Tasty Soft Hat,Braulioborough,Blanditiis aut praesentium.,637
Licensed Granite Ball,Aracelyhaven,Quidem et maxime cum nihil commodi eos sunt.,922
Gorgeous Steel Hat,North Dereckville,Perspiciatis asperiores nihil molestiae dolor sunt officiis saepe.,546
Gorgeous Concrete Table,West Dena,Ea est aut ut vero qui sint.,888
Refined Cotton Table,The Woodlands,Nemo et quis saepe alias neque reiciendis doloribus qui quia.,366
Sleek Cotton Shirt,Port Hildegardmouth,Necessitatibus autem excepturi exercitationem eum nihil aut.,32
Generic Soft Salad,South Marquisfurt,Et commodi odit sit deserunt sed dicta illum odit explicabo.,855
Rustic Granite Tuna,Glendale,Aut dolorum nostrum.,106
Generic Fresh Soap,Arlington,Modi accusantium excepturi ut veritatis laudantium minus recusandae molestiae aut.,686
Fantastic Cotton Cheese,Lake Katrineport,Enim enim ut doloribus quisquam.,717
Rustic Plastic Shirt,East Georgiannaview,Quibusdam magnam vitae suscipit iste deleniti aspernatur aspernatur.,873
Generic Concrete Computer,Dewayneland,Nihil dolorem voluptate recusandae laborum.,390
Generic Steel Hat,Dundalk,Aperiam sed natus impedit amet qui culpa illo.,855
Handmade Fresh Salad,West Berthaven,Incidunt vitae aliquid laboriosam mollitia fuga qui eveniet.,946
Practical Frozen Fish,East Tania,Cum fugit quae aliquid molestias corrupti itaque.,860
Awesome Fresh Gloves,East Jacey,Ut perspiciatis et enim eveniet quisquam.,438
Licensed Frozen Car,South Tryciaborough,Reiciendis unde adipisci nihil id eius qui.,900
Unbranded Rubber Mouse,West Clevefort,Labore explicabo sed.,678
Awesome Frozen Shirt,Lake Elsinore,Soluta aut excepturi quam ut.,228
Fantastic Plastic Mouse,Windlerton,Recusandae maxime itaque ratione.,882
Awesome Cotton Pizza,North Wiley,Ut doloribus commodi sunt.,172
Ergonomic Metal Computer,Zaneborough,Cumque alias aut minima officia.,150
Generic Concrete Chips,Jaunitaport,Tempore aperiam omnis itaque ea consequuntur commodi perspiciatis quam eligendi.,907
Handmade Steel Bacon,Rippinbury,Commodi sed autem nihil et et itaque.,872
Intelligent Fresh Car,Madelynntown,Voluptates sed doloremque laboriosam delectus commodi.,589
Small Wooden Shirt,East Karleestad,Voluptatem iusto adipisci autem in perspiciatis eligendi quod odio temporibus.,989
Rustic Cotton Shoes,Lake Sylvesterburgh,Veritatis aliquam aliquam fugiat adipisci excepturi quo aut.,665
Handmade Granite Mouse,Bryan,Doloremque cupiditate assumenda architecto aut molestiae voluptatibus.,28
Gorgeous Granite Gloves,Lake Timmy,Accusamus sunt officiis assumenda veniam est assumenda tenetur.,245
Gorgeous Rubber Table,Doraville,Eum commodi explicabo omnis.,864
Handcrafted Rubber Chair,Lake Deonteberg,Est doloribus aliquid cumque molestiae est voluptatem.,306
Sleek Plastic Chips,Gayfort,Placeat porro voluptates placeat iure molestias dignissimos consectetur corrupti et.,350
Fantastic Wooden Cheese,Broken Arrow,Voluptas repellendus non culpa placeat nemo id eveniet nostrum.,110
Rustic Rubber Shoes,Huntington Beach,Excepturi facere consequatur consequuntur qui reprehenderit sit culpa nam fugit.,680
Licensed Metal Shirt,Doyleport,Temporibus accusamus nesciunt.,715
Rustic Metal Bike,East Damionside,Error sapiente nemo cupiditate qui ab.,607
Licensed Wooden Cheese,North Leann,Ut mollitia incidunt est labore quos voluptas excepturi in voluptas.,876
Small Granite Soap,South Ravenborough,Maiores et tempora.,875
Generic Frozen Sausages,North Vergie,Tempora illum repellendus quia aut consequuntur et ut.,872
Rustic Soft Mouse,Myrnatown,Est suscipit suscipit facilis esse ipsa fugiat quia.,153
Gorgeous Fresh Gloves,North Adellahaven,Distinctio perspiciatis itaque dolores nostrum.,79
Sleek Steel Gloves,South Gate,Enim minima sint aperiam est odio.,807
Incredible Steel Shoes,West Joe,Corporis cum dolores numquam excepturi beatae aut.,424
Licensed Concrete Hat,Lancebury,Voluptatum voluptas doloremque magni natus dignissimos maiores.,940
Tasty Frozen Pizza,DeKalb,Natus quae quia.,556
Incredible Frozen Chips,West Darrel,Voluptate inventore est autem.,760
Rustic Plastic Keyboard,Karleyport,Rerum sed ex id et perferendis.,325
Gorgeous Granite Salad,New Ova,Voluptates perferendis omnis et voluptatem.,657
Licensed Rubber Shirt,New Georgiana,Esse et eius hic autem dolor quaerat.,373
Tasty Wooden Mouse,Port Marisafurt,Atque nihil placeat et repellat.,866
Handmade Rubber Fish,New Jaylenberg,Consequatur consequatur neque fugit dolor inventore praesentium cum.,904
Unbranded Concrete Ball,Abdulbury,Blanditiis tempore sit nesciunt sed modi exercitationem minima.,497
Handcrafted Rubber Chair,St. George,Ducimus consectetur qui aut ut et harum sed.,517
Practical Rubber Chicken,North Dockville,Autem quibusdam et.,505
Small Steel Chips,Sporerton,Modi beatae nisi maxime.,734
Ergonomic Metal Towels,West Jamarstad,Eveniet delectus quia.,894
Refined Concrete Fish,West Retta,Consequatur consectetur ipsam natus.,4
Unbranded Cotton Tuna,Port Velva,Cupiditate non quisquam maiores animi explicabo eveniet et aspernatur vel.,563
Intelligent Soft Bacon,Lake Cora,Dicta quisquam corrupti aut sit excepturi.,163
Fantastic Concrete Chicken,Cummeratabury,Quaerat ut nobis ratione voluptas.,651
Practical Metal Chair,North Irmaville,Praesentium sint omnis rerum quia cum esse doloremque dolore id.,322
Handcrafted Concrete Chair,South Nova,Quia accusamus dolorem eius quis expedita magni.,579
Unbranded Plastic Chicken,Reillyfurt,Quo assumenda possimus incidunt.,435
Fantastic Soft Salad,Metzburgh,Porro dolorem nobis consequatur.,4
Refined Frozen Mouse,South Adeline,Fugit deleniti quis quidem repellendus unde architecto.,301
Generic Cotton Towels,West Lelah,Ratione eos magnam.,716
Ergonomic Soft Keyboard,Wayneton,Laboriosam vel qui alias maiores nam ut voluptas deleniti.,651
Incredible Metal Fish,Rocky Mount,Numquam vel quia qui minus.,734
Awesome Fresh Chicken,North Judahhaven,Consequatur qui odio fugiat velit nihil iusto.,58
Fantastic Rubber Bacon,Port Virginia,Mollitia est et quasi sed et eos.,812
Fantastic Steel Fish,East Margarette,Soluta rerum voluptatem illo eveniet quis sit.,697
Licensed Granite Table,Adrienfurt,Explicabo et voluptatem corporis alias consequatur repellendus.,609
Licensed Wooden Keyboard,St. Clair Shores,Et nemo soluta itaque sint et veniam ea.,330
Gorgeous Steel Gloves,New Jordane,Minima quibusdam nobis dolor aperiam ab.,576
Refined Steel Bacon,East Landentown,Nostrum et autem quis ad quis aut molestiae et.,902
Sleek Rubber Chips,East Malachimouth,Ullam totam est ut explicabo.,736
Handcrafted Rubber Soap,Malden,Necessitatibus nesciunt alias atque.,807
Tasty Steel Pants,North Assunta,Distinctio vero quisquam doloribus nostrum ipsam sit iure totam.,127
Ergonomic Soft Fish,Makaylastad,Qui minus consequatur rerum dolor sed.,104
Awesome Steel Keyboard,Hammesport,Enim quia et ut eos voluptas nam voluptates suscipit autem.,198
Fantastic Granite Car,Roswell,Reprehenderit illum quia et sunt est consequuntur mollitia odio expedita.,454
Sleek Concrete Cheese,East Providence,Dignissimos dolores exercitationem inventore omnis ab fugiat voluptatum a.,810
Intelligent Fresh Chips,Gerlachland,Amet non eum sed qui rem atque rerum voluptatem.,95
Handcrafted Fresh Gloves,Lake Darrel,Inventore in sit unde deleniti molestiae dolores voluptatem.,75
Unbranded Wooden Keyboard,Boganberg,Aspernatur et vero sunt sint qui minima.,312
Unbranded Wooden Towels,South Stanton,Asperiores ut dolorum nemo odio deserunt illum voluptas.,790
Tasty Wooden Shoes,Aufderharburgh,Ut dolore autem error eligendi consectetur minima quia nemo consequatur.,563
Intelligent Concrete Keyboard,Stammburgh,Quae beatae molestiae cumque sit temporibus ad dolore inventore maxime.,163
Sleek Wooden Fish,Placentia,Est consectetur sed deserunt et et asperiores nostrum dolorem quos.,529
Intelligent Fresh Chicken,Alexandria,Sed est dolor eveniet blanditiis aut officiis ut.,48
Ergonomic Fresh Salad,Tyrelland,Vero mollitia deleniti minus enim sint.,303
Generic Plastic Gloves,South Taureanborough,Exercitationem deserunt qui enim et nemo iure aperiam incidunt temporibus.,575
Handmade Granite Bacon,South Collin,Ea impedit assumenda autem et tempora deleniti.,531
Gorgeous Rubber Chair,South Nedraton,Id a dignissimos laborum est sit eveniet excepturi sit unde.,504
Ergonomic Steel Gloves,South Desmondmouth,Unde accusamus recusandae deserunt asperiores.,362
Handcrafted Frozen Chicken,Bufordmouth,Doloribus rerum pariatur et sed.,532
Sleek Concrete Fish,Lednershire,Nam ut libero pariatur voluptate.,282
Tasty Fresh Tuna,Mosciskistad,Veniam et impedit vel esse.,412
Sleek Soft Fish,Dale City,Deserunt sequi aut dolor tenetur eaque et accusamus in dolorem.,296
Awesome Cotton Salad,South Marinafurt,Ut dolor occaecati ipsum in et aut.,498
Handmade Steel Pizza,Burnsville,Quod vero accusantium qui.,181
Intelligent Rubber Bike,East Genesisshire,Ut aut molestias vel dignissimos mollitia est recusandae.,901
Gorgeous Soft Towels,Hoytburgh,Laudantium minus vel aliquam.,973
Licensed Steel Salad,East Hank,Molestias ab aut asperiores dolores hic nam.,721
Ergonomic Fresh Mouse,South Taureanburgh,Pariatur libero aut.,272
Refined Concrete Salad,Port Electa,Commodi voluptas voluptatibus itaque ut.,823
Awesome Rubber Soap,Randalview,Ipsa minus explicabo voluptatem.,519
Tasty Soft Sausages,Naomiberg,Error ad sed exercitationem reiciendis rerum.,288
Intelligent Metal Pants,West Jayden,Laudantium quia quae voluptatem et.,357
Fantastic Steel Shirt,Tuscaloosa,Rerum neque repellendus voluptatem.,866
Generic Steel Mouse,Feestshire,Sequi voluptatem ipsa assumenda in perspiciatis laborum labore.,733
Refined Cotton Chair,Rippintown,Amet quae voluptate accusantium.,965
Rustic Frozen Fish,Port Kailee,Veniam est voluptatem non autem nam dolor.,721
Tasty Soft Keyboard,Rowenachester,Eligendi ipsum rerum enim voluptatem nesciunt et.,576
Ergonomic Rubber Keyboard,North Mariellestad,A temporibus laboriosam culpa id esse maiores magni eos earum.,81
Incredible Wooden Computer,South San Francisco,A sequi quod.,202
Small Fresh Car,Burlington,Aut rerum et beatae similique voluptatum.,335
Refined Fresh Shirt,North Carolanne,Dolorem quo illum ullam beatae deleniti laboriosam quos molestias omnis.,809
Handmade Granite Car,Guaynabo,Animi illum eligendi.,843
Refined Frozen Hat,Monicaport,Eos distinctio sed aut ut consequatur ut.,931
Awesome Wooden Shoes,South Flavieville,Dicta ipsam omnis ducimus sunt excepturi cumque provident aut.,458
Licensed Cotton Tuna,North Chet,Dignissimos aut exercitationem asperiores enim et.,679
Intelligent Wooden Tuna,Crystelton,Assumenda tenetur nihil veritatis qui ex sed enim et neque.,556
Rustic Steel Computer,Lake Augustus,Aliquid rerum molestias id non neque neque sapiente ea reiciendis.,231
Intelligent Concrete Hat,New Altamouth,Laudantium omnis consequatur excepturi eveniet beatae repellat a.,74
Tasty Frozen Bacon,Klingborough,Distinctio quidem cum.,24
Tasty Concrete Soap,South Abdulhaven,Sit velit alias.,610
Tasty Fresh Tuna,Lake Sister,Consectetur sed soluta officiis temporibus nisi quis.,292
Gorgeous Fresh Cheese,New Kolbybury,Qui sint ea sit.,356
Ergonomic Frozen Salad,Welchburgh,Libero consequatur rem.,706
Refined Fresh Computer,Goyetteburgh,Quas unde et maxime.,952
Incredible Concrete Keyboard,Dayton,Soluta repudiandae velit quo cum amet.,73
Awesome Plastic Salad,West Donview,Doloremque fugiat enim aut officiis corrupti et.,585
Handmade Concrete Sausages,Quincy,Et sit facere ut ratione deleniti fugit perspiciatis.,84
Tasty Cotton Table,Brandyfort,Qui facere aut officia voluptatem sit.,598
Ergonomic Rubber Computer,East Tianna,Earum quia quaerat.,576
Tasty Plastic Soap,Long Beach,Quae numquam rem reprehenderit non officiis cum.,801
Small Fresh Bike,West Babylon,Qui sint saepe beatae voluptatem maiores doloribus ut quia ea.,761
Sleek Steel Shoes,Lake Columbusfurt,Similique rerum sed est aut odit incidunt doloremque quae ex.,996
Refined Plastic Chicken,East Michele,Et esse unde.,799
Unbranded Concrete Pants,Napa,Atque repudiandae id voluptatem accusamus sequi.,178
Awesome Metal Hat,Sawaynland,Fugit qui consectetur quo voluptates illum accusamus est ipsa.,922
Handmade Wooden Tuna,West Dante,Cum saepe in labore.,12
Tasty Metal Tuna,East Brandofort,Id qui consequuntur voluptates adipisci.,247
Licensed Fresh Chicken,McKinney,Voluptate corrupti ut animi illo facere.,156
Handcrafted Frozen Table,Burlington,Possimus omnis odio numquam non labore quasi.,397
Generic Soft Soap,Williamsonville,Suscipit veritatis consequatur qui.,867
Rustic Concrete Tuna,Berwyn,Omnis ut laborum inventore labore.,824
Generic Rubber Hat,East Willyburgh,Molestiae in laboriosam.,41
Licensed Cotton Mouse,New Koryburgh,Unde explicabo qui sed.,526
Practical Cotton Bacon,South Shanelle,Nisi ea aut culpa vel veritatis eaque.,699
Intelligent Fresh Pizza,Heidenreichbury,Est aliquid natus ut fugit natus sit eos.,895
Gorgeous Plastic Pizza,Monahanland,Consequatur cum ipsam fuga est.,968
Rustic Metal Keyboard,Wintheisermouth,Exercitationem autem quis deserunt.,871
Practical Fresh Table,North Las Vegas,Repellat deleniti facilis quis provident.,519
Incredible Concrete Ball,Littelville,Harum architecto ut architecto quia.,565
Ergonomic Concrete Chair,Lake Caroleside,Voluptatem ea rem fugiat ab facilis rerum numquam reiciendis.,313
Licensed Granite Chair,Strongsville,Et consequatur quaerat optio aut possimus nobis doloribus possimus.,240
Handmade Soft Chair,North Bertaton,Qui sed fugit sapiente.,714
Gorgeous Plastic Ball,New Angelaland,Omnis expedita aliquid ducimus cumque.,580
Tasty Cotton Salad,North Vernon,Et pariatur accusamus quas temporibus.,986
Handmade Cotton Chips,Port Berry,Et magnam vero voluptatibus magnam ut.,360
Awesome Rubber Towels,Reingerton,Explicabo et et id et dolores et.,907
Rustic Wooden Mouse,North Lavonton,Ratione quis temporibus ut velit.,436
Intelligent Frozen Pants,Arjunberg,Omnis consequuntur ad ipsum incidunt fugit magni rerum est dolor.,465
Small Soft Soap,Port Nashport,Incidunt blanditiis iste explicabo laborum aut accusantium aut dolorem sed.,904
Handcrafted Wooden Bacon,West Devontebury,Ad est quasi recusandae illo omnis facere.,569
Handmade Cotton Fish,Aileenberg,Voluptatem tempore qui.,116
Sleek Steel Salad,Towson,Quis aut ut ratione officiis rerum perspiciatis maiores quod sunt.,147
Handcrafted Wooden Gloves,Lake Paige,Quod ex veritatis sed voluptate qui cupiditate.,267
Handcrafted Concrete Ball,Jeremieburgh,Dignissimos aut doloribus dolorum.,880
Unbranded Rubber Computer,Cleveland,Culpa fuga ut.,494
Gorgeous Fresh Chips,Port Ginoview,Ea ex quasi.,874
Practical Granite Hat,New Christy,Fugit est accusantium.,357
Intelligent Steel Tuna,Port Frederickmouth,Nam asperiores animi sed libero.,574
Refined Granite Bike,North Evert,Quod nostrum consequatur quia id quaerat laborum culpa.,25
Rustic Plastic Gloves,Smithville,Rem et voluptatum ea enim praesentium occaecati ad tenetur.,563
Tasty Plastic Shoes,Port Allen,Nam nihil et consectetur aliquid dignissimos numquam sunt voluptatum.,318
Practical Steel Shirt,Doyleview,Nesciunt sed rerum ipsum eveniet repudiandae blanditiis.,510
Incredible Concrete Computer,Hellermouth,Adipisci saepe quia rerum fuga aut qui.,648
Tasty Wooden Sausages,Mannshire,Et eos qui tenetur.,733
Generic Concrete Pants,Feilside,Est expedita voluptas qui dolorem qui sed numquam sunt animi.,398
Practical Concrete Gloves,Rubieshire,Omnis ut quia dolores soluta dolor debitis.,58
Refined Cotton Ball,New Blanca,Facere maxime delectus fuga est ipsum a sint aliquid rerum.,324
Sleek Rubber Bike,North Nolanland,Quos deleniti aperiam rerum modi nobis omnis repudiandae dolor doloremque.,702
Handmade Concrete Soap,Erdmanbury,Aspernatur omnis ad adipisci voluptate.,921
Rustic Cotton Chair,Rohanville,Ducimus dolor inventore aliquam sed enim iste quibusdam sed ut.,717
Practical Wooden Gloves,North Norbertstad,Quae quis corporis itaque voluptate dicta repudiandae aut rerum qui.,367
Handmade Soft Shoes,Emilioburgh,Fuga itaque et voluptas assumenda accusamus ipsum doloribus deleniti.,654
Fantastic Granite Tuna,Bessiebury,Modi et asperiores qui delectus quia ut et.,354
Incredible Cotton Shoes,Parma,Laborum qui nemo vero et nostrum qui praesentium est velit.,659
Practical Fresh Bacon,South Tiara,Quia qui harum ab ducimus est officiis necessitatibus temporibus magnam.,974
Handmade Concrete Keyboard,Rueckerfurt,Expedita et accusamus porro maiores numquam error similique.,392
Unbranded Fresh Pants,Fort Worth,Consectetur ea nesciunt sed.,819
Unbranded Wooden Computer,Gastonia,Eligendi est molestiae sequi rerum temporibus blanditiis et ea.,404
Gorgeous Soft Salad,South Gianniton,Rerum totam ea.,349
Generic Cotton Towels,West Filomena,Dolores illum enim esse nesciunt modi.,653
Intelligent Soft Table,East Hartford,Officiis ducimus et numquam mollitia tempore.,233
Practical Frozen Shoes,Fort Collins,Sed explicabo amet placeat facere doloremque.,947
Awesome Cotton Soap,Abagailtown,Nostrum sit ratione qui ut eveniet iure esse quia.,97
Incredible Granite Shirt,New Orleans,Quos eum ut quasi.,536
Sleek Soft Computer,Melbourne,Itaque aut cumque vero cum ea fugit id.,294
Awesome Fresh Soap,Mayaton,Dolorum praesentium dolores dolor id deserunt quibusdam aut unde.,251
Fantastic Granite Sausages,Fisherton,Sequi corrupti ullam ipsum in.,690
Handcrafted Wooden Chips,Koelpinmouth,Assumenda molestias tenetur totam illo quo.,770
Sleek Wooden Mouse,Garretttown,Distinctio recusandae aut voluptatum ut aut ea fugit.,504
Handcrafted Rubber Sausages,West Alena,Nihil officia omnis.,628
Incredible Soft Soap,East Teresashire,Inventore est repudiandae est dicta.,153
Handmade Plastic Sausages,East Gonzalo,Voluptatem perferendis temporibus voluptas molestiae unde nihil neque quae.,39
Practical Frozen Soap,North Izaiah,Amet tempore dolor quam voluptatum natus inventore earum qui.,918
Intelligent Metal Keyboard,Lake Audreybury,Reprehenderit qui aliquam porro hic qui perferendis qui neque placeat.,65
Sleek Concrete Car,New Dorris,Iusto sed sunt.,66
Sleek Steel Pizza,West Nyatown,Praesentium tempora quo minus quos eum.,950
Sleek Concrete Ball,New Jazmin,Quis est ut.,552
Incredible Wooden Mouse,New Brenden,Soluta earum cumque culpa numquam quia et.,408
Refined Granite Shoes,Euless,Et omnis facilis voluptates reprehenderit deserunt et.,216
Tasty Frozen Soap,Blaine,Eos amet reiciendis aliquam voluptatem sed.,6
Unbranded Frozen Computer,New Rochelle,Aut voluptatem repellat eligendi dolores.,544
Generic Rubber Cheese,Caspertown,Consequatur id eos consequatur exercitationem nihil ullam aut.,242
Handcrafted Steel Hat,Betsyview,Vitae quis autem non.,111
Fantastic Fresh Tuna,West Maritza,Quaerat consequatur quia sit.,92
Intelligent Concrete Shirt,South Ezra,Amet perferendis ut sapiente molestiae odio quibusdam odio.,882
Intelligent Cotton Chips,Handstad,Error et laudantium eos et natus tempora quam.,552
Tasty Plastic Sausages,Geraldchester,Odio vel et molestiae perspiciatis nihil.,175
Fantastic Steel Computer,South Sylvanchester,Occaecati mollitia deserunt est iusto animi dolor.,744
Handmade Rubber Car,East Imelda,Numquam in eveniet quis explicabo id autem.,864
Intelligent Fresh Soap,North Hank,Voluptas est et saepe ut aut.,656
Rustic Frozen Hat,Kalamazoo,Ut eaque odio.,565
Gorgeous Rubber Gloves,Yasminemouth,Neque suscipit illum itaque veritatis.,58
Intelligent Frozen Shoes,North Demetris,Ut delectus soluta in illum ex.,826
Practical Steel Pizza,Carleyton,Quia et esse distinctio perspiciatis ipsum ad aperiam aut.,728
Sleek Cotton Hat,Daphneychester,Vel iste repudiandae illo.,487
Tasty Fresh Sausages,East Thelma,Rerum sequi quia eum eos sed.,799
Generic Metal Cheese,West Janview,Perspiciatis corporis aut.,510
Generic Metal Bike,Bodeberg,Quae doloribus voluptas est omnis.,518
Handcrafted Frozen Cheese,Utica,Eum repellat doloremque harum voluptas nihil in explicabo.,495
Incredible Wooden Tuna,Salina,Consequuntur dicta ut temporibus quaerat autem aut quaerat.,348
Small Steel Tuna,Harrychester,Nulla eveniet harum occaecati quos laudantium nihil tempora est et.,556
Generic Fresh Ball,Lake Joseph,Neque et et earum maiores.,524
Licensed Concrete Pants,Hoffman Estates,Autem eaque qui aut consequatur ullam a quam et.,849
Awesome Cotton Cheese,North Christopher,Et modi et numquam laudantium consequatur magnam at est.,75
Tasty Granite Chair,Cristinaville,Architecto mollitia deserunt quis temporibus.,290
Intelligent Rubber Sausages,New Javon,Et ut consequatur velit omnis quod.,883
Handmade Wooden Tuna,Antoninaville,Est aut accusamus laudantium sed similique nemo quam.,119
Handcrafted Steel Computer,Hammesside,Minima blanditiis placeat doloremque libero fugit ut pariatur facilis atque.,712
Unbranded Cotton Bacon,Elzamouth,Dignissimos dolore aspernatur delectus aliquid sint quasi molestiae.,386
Practical Soft Shoes,Elliottshire,Ab veniam est.,398
Sleek Rubber Bike,Cremintown,Sequi mollitia totam et nam sunt.,332
Small Fresh Shirt,Port Arlene,Expedita et recusandae excepturi beatae in facilis impedit.,420
Intelligent Steel Shoes,East Kaela,Unde architecto minima beatae in sed sint odio maiores enim.,564
Refined Plastic Computer,Estellaburgh,Molestiae ex cum sit nesciunt voluptatem.,821
Unbranded Fresh Towels,East Irvingland,Asperiores ex consequatur similique nemo ut eos quo et.,583
Rustic Fresh Chair,West Olga,Recusandae sunt sint sed.,690
Small Frozen Salad,Mckennaland,Qui et alias quas maiores.,125
Generic Soft Salad,Albany,Et optio error minus earum delectus iure aut.,987
Intelligent Granite Pants,Lake Josiah,Vel minima accusamus doloribus.,460
Intelligent Rubber Hat,Greensboro,Eum autem excepturi.,214
Incredible Rubber Chicken,Hartford,Ut rerum temporibus placeat atque repellat.,438
Refined Soft Computer,Armstrongmouth,Sunt est culpa dolorem.,642
Incredible Frozen Tuna,New Iliana,Est consectetur qui molestias ad.,442
Incredible Cotton Cheese,Nicolettechester,Et doloribus quaerat et id ut reprehenderit.,809
Ergonomic Concrete Bike,Port Raquel,Accusamus voluptatem ea voluptatem sit nisi suscipit.,545
Rustic Steel Bacon,Columbus,Pariatur ea explicabo eligendi temporibus eligendi corporis.,967
Handmade Cotton Bacon,Metzview,Pariatur inventore maxime ullam.,289
Unbranded Fresh Gloves,West Damionstad,Rerum similique et et in ut reprehenderit labore recusandae.,276
Ergonomic Metal Bacon,Boyleton,Doloremque commodi quia voluptatem est ex a reiciendis ut unde.,992
Awesome Granite Bike,Treutelport,Suscipit suscipit amet autem.,96
Licensed Wooden Soap,East Aldastad,Consequatur laudantium est quaerat ea.,290
Generic Steel Salad,South Alfredoborough,A placeat est saepe error quia earum.,42
Handmade Rubber Shirt,Apopka,Laboriosam reiciendis qui itaque voluptatum consequatur tempore rerum facere sunt.,904
Handmade Wooden Table,Rosellafort,Harum eos itaque perferendis explicabo omnis.,846
Incredible Wooden Soap,Lizashire,Aut consequatur vero.,970
Licensed Plastic Bacon,Rocklin,Tempore dolores et deserunt exercitationem.,729
Generic Cotton Hat,Erickfurt,Ipsam animi sit corporis saepe sed enim assumenda.,153
Gorgeous Frozen Car,East Haskelltown,Qui praesentium quisquam corrupti.,664
Unbranded Rubber Mouse,Brakusbury,Ut asperiores quam ab perferendis.,518
Handmade Fresh Hat,Bodeview,Sunt necessitatibus voluptates id molestias ut.,931
Fantastic Wooden Computer,East Honolulu,Optio aut vel.,40
Practical Cotton Sausages,North Katharina,Sint unde illo minima voluptatum esse.,99
Generic Wooden Shoes,New Norvalside,Aut id illo ut perferendis itaque quis labore aut.,30
Fantastic Fresh Bike,Makenzietown,Aut molestiae et sapiente voluptatem exercitationem quas distinctio doloribus voluptatem.,29
Practical Wooden Pants,Lake Michaelville,Illo beatae officiis provident voluptas accusantium rerum nesciunt iusto.,802
Unbranded Cotton Bacon,Lake Charley,Perferendis nesciunt earum explicabo assumenda perferendis excepturi tempore quibusdam deleniti.,547
Unbranded Frozen Shoes,Lake Aylinberg,Vero impedit debitis quo nisi veniam.,405
Awesome Granite Bacon,Delphaton,Ab dolorem perferendis quaerat quo.,889
Tasty Steel Computer,Rathhaven,Ut voluptas molestiae repellat beatae eligendi velit.,471
Ergonomic Steel Chicken,Lake Philip,Neque in inventore modi.,518
Awesome Granite Cheese,Armstrongfurt,Delectus mollitia molestiae porro consequatur labore porro ducimus.,126
Fantastic Granite Computer,East Imani,Ipsum et ut et architecto quis dolor necessitatibus ipsa.,971
