Text,Rating value,Visitor ID
Sint explicabo in quo corporis similique quo et temporibus voluptatum.,2,508
Et qui molestiae rerum sint molestias.,1,771
Quia corrupti eum rem ut nostrum minima qui sint.,4,212
Facere fugiat blanditiis nemo laboriosam sit consectetur.,5,342
Iusto voluptate earum reprehenderit minus.,1,658
Beatae molestias quibusdam et reprehenderit eum.,2,297
Maiores dolor soluta.,0,242
Tempore minima non expedita.,2,971
Nesciunt itaque voluptas dolores.,4,27
Occaecati quo ipsum perferendis dolore est consequatur.,5,826
Expedita fugit quidem dolorem.,1,40
Aut non ipsa ex.,1,636
Fugiat expedita eos aut nemo provident.,2,72
Beatae tenetur voluptatem voluptatibus pariatur magnam dolorum rerum.,1,459
Modi praesentium debitis aut aut enim quas.,3,628
Accusamus et tempore est ea.,0,245
Quaerat fuga autem optio.,1,881
Maiores nulla perferendis vitae fugit quo natus tempora.,3,399
Maiores aut vel quidem.,5,485
Pariatur accusantium aspernatur veritatis numquam sit eaque rerum voluptate.,3,969
Nisi vel ab ut quis ut qui quia.,3,334
Voluptatem inventore quidem eligendi excepturi.,3,890
Rerum ut deserunt beatae beatae quasi voluptatem nisi neque veniam.,0,315
Sunt non similique ipsum.,4,998
Ab magni earum nostrum aut perferendis repellendus.,1,433
Hic sint sit blanditiis facere molestiae perspiciatis dolorem eum iste.,0,354
Deleniti suscipit sed enim veritatis pariatur nemo ipsum.,2,173
Ad omnis voluptatum autem.,2,995
Molestias culpa praesentium est perspiciatis delectus nostrum sint.,4,550
Mollitia eos vel autem ea soluta aut repudiandae quos vero.,0,351
Dolor eligendi omnis cupiditate.,3,20
Error dolor repellat praesentium consequatur est eaque aspernatur.,4,301
Eaque voluptate alias beatae quia dolorem eos.,0,546
Numquam officia reprehenderit maxime error dolorem sapiente rem perspiciatis.,2,230
Necessitatibus error dolorem dolor quidem distinctio debitis.,0,568
Eos ut et sit inventore explicabo similique.,2,382
Libero quaerat non facere libero asperiores eos.,1,478
Fuga aliquid ut minima nisi voluptas vero.,1,618
Fuga omnis dignissimos.,5,618
Sit labore itaque quia eligendi quae sint corporis.,4,891
Id rerum quia veritatis tenetur in numquam omnis.,5,428
Laudantium rerum quia beatae aliquam voluptatum maiores et libero.,1,196
Quia doloremque quia non quam fugit molestiae.,2,370
Dolore quis non mollitia.,1,799
Voluptas aperiam sapiente.,2,288
Corporis dolores voluptatibus.,2,585
Sunt quos consequatur eum facilis est consequatur et.,5,123
Consequatur quo animi voluptatem enim est laboriosam.,5,933
Et et aliquam unde numquam consequatur porro.,2,172
Sit et provident earum quos dolorem eveniet autem totam soluta.,4,3
Laudantium qui nesciunt.,0,71
Voluptas atque repellat deserunt fugiat ea qui unde assumenda.,5,888
Occaecati reiciendis voluptatem vitae fugiat aut nam.,1,952
Velit praesentium molestiae expedita debitis vero necessitatibus dignissimos.,4,998
Sapiente architecto pariatur tenetur sapiente labore sit quia autem quia.,1,176
Voluptas ipsam sunt dolores hic suscipit.,1,187
Voluptas qui laudantium et beatae delectus delectus laboriosam.,5,938
Sint sequi odit sit maxime officia quis cumque.,0,78
Rem aut nisi nisi et libero.,0,136
Vel est et ea blanditiis iure provident minus consequatur.,3,605
Itaque odio aut et.,0,386
Fuga enim corrupti molestiae molestias autem voluptate.,2,919
Voluptate debitis alias voluptatem aliquam aut omnis.,5,698
Praesentium earum assumenda unde rerum voluptatum.,0,5
Quis quis et eveniet ut.,2,204
Incidunt assumenda cumque et.,2,222
Minima error maiores nam.,1,285
Rerum tenetur quod.,2,635
Commodi voluptatem officia aperiam inventore incidunt hic beatae.,1,974
Nobis quam a odio aperiam aspernatur omnis omnis.,0,550
Consectetur ad aperiam labore autem incidunt qui a reiciendis.,0,75
Enim soluta qui qui dolore voluptas est debitis doloremque.,1,699
Reprehenderit quo est quia et voluptas ut amet perferendis vero.,3,26
Dolorem itaque magni est ullam necessitatibus unde.,0,327
Aliquam eligendi voluptatem velit velit eaque molestias quia.,2,971
Quo ab debitis.,5,488
Eveniet ea maiores illum labore iusto inventore.,5,834
Esse cum id repudiandae cum accusamus libero.,0,951
Accusamus tempora sunt necessitatibus.,5,938
Assumenda error nostrum sed.,0,475
Fugiat vero harum accusamus.,2,799
Libero et eum voluptas nisi numquam sunt sit tempore.,1,312
Exercitationem quo doloribus sed inventore est dolorem id sequi provident.,2,323
Dicta ut quia atque quae est.,5,470
Nihil pariatur placeat nam laudantium nobis qui nemo.,5,543
Natus id qui quisquam repellendus recusandae perferendis aperiam inventore.,4,591
Harum dignissimos sunt placeat quis aut quae sequi.,2,665
Totam voluptatem facere architecto ea.,5,259
Quia illum aut aut et.,2,318
Recusandae qui ipsa ut qui.,5,83
Mollitia iste aut aut possimus consectetur sint ipsum quam.,0,438
Perspiciatis aut sint quia sequi quos quia sit voluptatem non.,3,780
Quia rerum cupiditate quaerat distinctio rerum.,1,491
Iusto consequatur sequi vel soluta quia rerum.,0,269
Voluptate voluptas deleniti voluptatem aut amet modi esse repellendus.,0,802
Et eius corrupti.,4,855
Inventore cumque autem voluptas vero.,0,889
Qui doloremque eum et alias cupiditate totam.,2,756
Non sapiente sint expedita temporibus corrupti dolore sint et et.,0,616
Qui unde facilis ratione voluptatem in a blanditiis.,1,308
Iusto dolorem nostrum explicabo inventore totam nesciunt cupiditate est.,3,897
Eaque labore quas.,3,292
Fugiat atque similique.,5,180
Minima natus reprehenderit laboriosam corporis consectetur tempora delectus.,1,213
Sint atque odit qui voluptatum.,5,422
Tempore qui eveniet velit officiis porro sed.,1,665
Omnis cupiditate atque alias sint.,5,345
Magni et ducimus.,0,829
Fugit qui qui facilis error similique voluptatibus doloremque est corrupti.,2,482
Magnam id et totam.,2,72
Laboriosam accusamus et quia nostrum blanditiis et dolor cumque.,5,68
Alias earum fuga non qui eum vel.,5,939
Quia sequi quasi sapiente exercitationem id totam.,1,198
Veritatis magni ut sit.,5,550
Nobis porro dolorum voluptatem quos ut.,2,944
Aut magni quia dolor necessitatibus velit nam.,1,901
Eaque dolorum odio officiis iusto enim numquam veniam.,3,862
Adipisci fugiat fuga laboriosam dolorum voluptas reprehenderit libero ut itaque.,2,442
Qui quis provident aliquam sit temporibus fugiat deleniti.,2,911
Fuga libero aut excepturi voluptatem exercitationem.,2,458
Voluptatem tenetur nobis.,4,544
Provident laborum ut.,3,133
Illum nihil qui at deserunt rerum laboriosam et.,1,335
Similique esse quo doloremque quia et dolorem molestiae.,1,524
Ea quibusdam in in quia iusto quos dolorem et aliquid.,0,29
Tenetur ut incidunt.,2,889
Est et magni et rerum perspiciatis esse autem ducimus.,1,51
Cumque unde saepe vel vel non perspiciatis nesciunt nihil corporis.,3,251
Possimus sit voluptates sequi odit doloremque est repudiandae tempora excepturi.,1,745
Officiis qui quia.,2,132
Quia doloremque similique sequi temporibus voluptatem ad a.,0,298
Ut qui facilis vitae earum.,0,646
Earum omnis libero ut aperiam consequatur.,2,244
Quo nemo atque nihil reiciendis explicabo molestiae.,3,7
Et non quaerat fugiat beatae architecto.,1,956
Esse sint et sed id qui quibusdam.,2,302
Similique est hic eos est dignissimos.,2,421
Incidunt occaecati iusto laudantium commodi deserunt expedita inventore incidunt.,2,165
Aspernatur ut id rerum quae deleniti laborum praesentium.,3,517
Quam et et nemo non eius.,2,234
Hic a amet blanditiis.,2,507
Et nihil quia.,1,267
Quis mollitia quo ex.,1,302
Ratione velit laboriosam ullam.,2,672
Nulla animi animi at.,2,942
Nihil sed aut sint incidunt amet dolor dicta.,5,298
Saepe voluptas aliquid non.,4,10
Maiores dolor ipsam quia excepturi rerum unde laborum consequuntur.,2,824
Nihil quos omnis totam ut.,2,605
Maxime enim possimus voluptatem asperiores.,1,118
Et soluta veritatis quibusdam.,5,571
Sint nam animi expedita molestiae.,1,650
Reprehenderit ut perspiciatis neque praesentium dolores quia ipsum eveniet nesciunt.,3,793
Eum quia deleniti.,3,549
Quo laborum dolorem iste accusamus veniam incidunt veniam est illo.,3,324
Et cupiditate impedit iusto sit placeat velit ducimus.,5,937
Iusto et neque autem ut aliquid iste autem et magnam.,3,421
Tempora consectetur beatae quas mollitia debitis numquam.,4,700
Est perferendis eius sint ut saepe id beatae.,5,754
Placeat voluptas quia quia enim ad nostrum.,0,626
Quo eaque laboriosam dicta doloremque eum.,5,43
Officiis qui et.,4,377
Totam ut incidunt assumenda debitis fugit natus aliquam.,3,562
Vel nihil porro natus omnis quod quia id voluptatum.,5,796
Ut fugit atque qui non molestiae numquam.,2,193
Aut aperiam hic ut harum quidem in esse.,5,861
Et doloremque vero sed sunt quia voluptatibus voluptatem.,1,719
Ut eum incidunt voluptatem qui ab itaque ad beatae itaque.,1,205
Sed est distinctio id modi voluptates ipsa quo ut aperiam.,3,973
Sunt sed voluptas reprehenderit adipisci et aut.,1,760
Eos amet molestiae eum consequatur.,2,780
Ratione hic incidunt in velit ut consequatur similique aspernatur.,1,17
Ea in in enim incidunt deserunt officiis voluptatem.,0,637
Ut suscipit distinctio sint laborum necessitatibus eos.,1,254
Amet harum harum et quia ab omnis.,4,89
Voluptatibus temporibus sed minima assumenda.,4,705
Non nulla neque voluptate.,1,892
Dicta minima vel.,2,721
Nihil nisi eius voluptatibus praesentium autem ullam accusantium velit et.,3,886
Labore rerum aut aut.,3,966
Et et deleniti unde accusantium qui ab veniam modi impedit.,4,112
Aliquid tempore amet tempora rerum corrupti optio.,3,547
Distinctio quos omnis aut porro qui culpa voluptas.,5,614
Sed ut ut quidem similique architecto qui aut nemo vel.,3,773
Repellat iure et dolorum repudiandae voluptatum.,4,464
Illo ad et temporibus.,5,428
Quibusdam voluptas voluptatem.,4,619
Ut velit voluptatem rem aut.,2,187
Distinctio consectetur sunt.,2,514
Et ipsum quo reiciendis.,3,39
Ut voluptatibus in.,1,677
Fuga quas magni itaque.,4,789
Ut inventore dolorem dolorem eum voluptas amet omnis magnam.,0,145
Qui deserunt ad nemo molestiae inventore dignissimos odio.,3,664
Rerum quod corporis illo eos in sed.,1,909
Ut quaerat voluptatibus tenetur accusamus.,5,183
Aliquam soluta et et cum exercitationem odit dolor recusandae.,2,462
Ut maxime accusantium voluptates quibusdam quis molestiae amet accusantium.,5,97
Sit asperiores ut ullam aliquid fugit quae ipsam aut eum.,0,851
Quo voluptatem et ipsa perspiciatis aut.,4,742
Reiciendis harum sunt recusandae omnis.,0,288
Odio aut architecto quas dolor.,0,252
Dolorum enim magni nulla et harum.,3,185
Ullam reprehenderit nam.,2,219
Voluptas voluptate recusandae quas consequatur error et explicabo non.,5,945
Commodi nulla vel deleniti omnis veritatis tenetur ipsa.,3,161
Omnis enim et dolorem qui est.,3,559
Iste sunt debitis voluptatem.,1,845
Impedit earum maxime aperiam non.,3,859
Soluta omnis suscipit et deleniti in dolorem est.,4,269
Ut error accusantium voluptatem veritatis qui veniam.,4,513
Accusantium magnam pariatur asperiores provident.,5,311
Voluptatem laborum occaecati dignissimos molestias natus tenetur neque ut necessitatibus.,2,453
Nam beatae laudantium consequatur fugit sed quia enim.,2,692
Repellendus suscipit sint.,3,725
Nam suscipit facilis.,4,697
Dolorem laboriosam et saepe sunt dolore architecto.,1,911
Ea ratione ducimus.,4,755
Repellendus repudiandae consequatur.,0,323
Sed minus et in adipisci sint dolorem nihil consequatur.,0,347
Autem et magni tempore perferendis et.,2,6
Dolor ut odio dolor assumenda omnis.,2,814
Illum debitis quos velit dolores.,0,846
Voluptatum laboriosam qui et eos quo repellendus voluptas aut.,1,728
Nesciunt quos nulla.,4,277
Dolorem ullam placeat vero veniam.,4,575
Nesciunt et impedit minus quidem sed velit.,3,955
Quo possimus minima aut ducimus aut quae.,3,268
Est sunt est ut.,3,204
Et qui dolor aperiam laudantium enim consequatur.,5,682
Illo numquam ut aliquam vel molestias sit.,2,272
At iusto illo quasi doloribus facilis.,3,733
Et voluptas esse numquam necessitatibus adipisci.,3,840
Atque corrupti omnis quaerat quia est.,5,695
Velit qui non.,1,782
Quis dolor et fuga cupiditate suscipit voluptas quam et.,4,746
Doloribus aliquid odit voluptatem recusandae.,0,163
Explicabo numquam nulla molestiae dolor blanditiis.,2,187
Eos sed ducimus perferendis porro.,3,645
Optio qui perferendis dolor voluptas ut quisquam harum non est.,5,621
Ut id ut sit voluptates nemo dolor nostrum officiis et.,4,152
Enim quis qui.,4,786
Sapiente ex quod qui.,2,203
Unde alias dolorem ipsam qui eveniet consectetur.,3,814
Quam officia aspernatur omnis labore vero alias.,2,132
Vero corrupti eos nostrum rem aperiam.,4,767
Harum veniam eius suscipit ut similique quod minus.,5,694
In aliquam nihil.,2,796
Fugiat sit voluptatibus enim dignissimos quia molestias nostrum enim perferendis.,5,929
Autem aperiam enim maiores ut dolores necessitatibus dolores impedit rerum.,3,379
Ipsum delectus dolor.,2,287
Eveniet exercitationem tenetur aut et et itaque.,5,86
Perspiciatis aliquam voluptas beatae quibusdam voluptas hic.,1,710
Non earum rerum labore qui dolores voluptas.,1,481
Repudiandae eum eum sunt est labore aspernatur nemo.,4,48
Temporibus voluptas blanditiis magni non sunt iste harum.,1,375
Voluptas sint qui ducimus ipsam labore et minima ipsum.,0,740
Sit odio qui occaecati ducimus distinctio iste.,4,268
Id voluptatem labore atque laborum.,3,657
Repellat distinctio ratione fugiat.,3,71
Voluptatem quia nam.,1,377
Ipsum saepe repudiandae doloribus iusto.,4,689
Aut accusantium ipsa vero id impedit recusandae voluptates.,2,673
Minima similique inventore quis cumque dolorum ad enim expedita laborum.,0,182
Architecto quaerat itaque et neque omnis nulla qui in a.,2,377
Necessitatibus sunt itaque nihil nihil repellat.,5,271
Voluptas dicta iusto ut deleniti distinctio et voluptatem non dolorum.,0,807
Laboriosam eveniet et sed sed unde est vel.,5,243
Ipsum error nihil.,5,720
Velit nihil earum labore esse.,0,689
Ut odit quae enim atque delectus non error vel mollitia.,5,99
Minima voluptatem autem sunt illo sit.,0,482
Cum fuga architecto assumenda optio et cumque nam esse.,4,696
Quaerat animi pariatur ratione delectus dolores accusamus illo atque.,0,275
Fugiat aspernatur ab eaque iste.,0,591
Et ipsum ab quia dolorem vitae voluptas libero quisquam ut.,3,806
Vel quibusdam cumque.,4,703
Reiciendis sed placeat quo iusto dolorem ea nihil.,0,349
Dolorem ad repellat omnis adipisci debitis eaque nemo dicta explicabo.,5,260
Quos vero cum aspernatur facere rerum similique amet enim.,4,442
Commodi commodi nemo dolores ducimus.,5,626
Reprehenderit est aut facilis.,2,578
Dolorem corrupti nam sapiente dolorem dignissimos accusantium veniam.,5,69
Quis dolorum doloremque rem perferendis mollitia.,4,352
Dolorem ipsum consequuntur ea eveniet eos qui.,0,253
Fugit et aut cum.,1,54
Nesciunt inventore veniam dolore.,5,47
Optio laudantium vel aspernatur nesciunt sit qui quae voluptatem.,1,914
Excepturi quae mollitia.,2,55
Molestiae labore eos repellat sit molestiae numquam nesciunt commodi.,3,138
Voluptas sint ut rem fugit et omnis error.,1,950
Officiis delectus similique voluptates dolorum vitae dolorum.,0,251
Nam aut hic perferendis ipsa quia quo iusto repellendus autem.,3,908
Voluptatem tempora et sint ut.,1,862
Voluptates aut et earum.,5,543
Voluptatum repellendus omnis ut blanditiis tempore.,4,507
Ipsam id et inventore cum.,3,804
Sit commodi deserunt accusamus.,2,947
Omnis praesentium quia.,3,844
Et excepturi consequuntur laboriosam rerum dolorem.,1,59
Et voluptate ipsum.,3,781
Quisquam tenetur id corrupti necessitatibus laudantium distinctio nobis.,3,964
Aliquid voluptatibus et.,3,138
Modi nam cupiditate non est consequatur.,4,585
Tempora praesentium eos explicabo.,3,550
Voluptatum similique itaque adipisci consequuntur non.,2,696
Sequi quia unde.,5,882
Fugiat distinctio deserunt voluptas ea accusamus.,4,671
Cumque doloremque impedit tempora est sit earum ab.,0,535
Maiores aut voluptatum.,4,348
Suscipit ea veritatis qui maiores veritatis quo consequatur quae.,5,188
Consequatur eveniet qui aut qui qui dolor quo sunt.,5,637
Voluptatem quis quos sequi iure porro non nisi.,3,183
Officiis eos impedit nesciunt harum animi non eum maiores odit.,5,201
Laborum enim nihil in eveniet nisi quam.,1,33
Illum quo commodi nihil hic ipsa.,1,63
In temporibus laboriosam nostrum.,5,650
Sint facilis aliquam eaque et ipsam quae aspernatur aspernatur quae.,5,752
Eligendi expedita facilis minima eum reiciendis ipsum excepturi unde.,1,646
Quisquam et enim eos mollitia officia dignissimos.,1,417
Deserunt dignissimos laboriosam nostrum dignissimos aut et.,0,429
Natus nisi accusantium.,5,886
Quibusdam aut veniam pariatur alias.,5,50
Quidem qui ut vitae temporibus distinctio fugit perspiciatis quibusdam.,3,77
Aut incidunt adipisci culpa.,0,27
Molestiae nesciunt possimus est sunt quae blanditiis.,4,654
Nisi quod autem doloribus.,5,48
Minus placeat et.,4,635
Ducimus dignissimos placeat labore deleniti.,0,821
Ipsa est enim.,3,1000
Et possimus omnis ut explicabo nesciunt quisquam occaecati tempora voluptas.,5,397
Atque esse est aut rerum.,1,422
Voluptates incidunt et architecto eos incidunt.,4,378
Consectetur quaerat doloribus voluptas et minus et.,0,450
Totam aut tempore dolorum nostrum amet.,1,269
Quasi rem fugiat placeat est.,2,108
Et eligendi ut totam est et.,2,77
Quaerat ea error recusandae ipsum rem dolor sint commodi.,5,302
Velit aut saepe quia quos.,1,832
Voluptatem natus ut id dolorum blanditiis ducimus ut consequatur deserunt.,3,25
Alias cumque ipsa sed quis nemo nemo quibusdam mollitia.,1,353
Sequi deserunt aut.,4,336
Laboriosam consequuntur autem neque nihil ut consequatur velit.,1,249
Quo numquam provident repellendus voluptatem odio.,4,27
Odit et corrupti ratione omnis dolores suscipit qui.,1,755
Ea in sed sed nulla quis.,0,89
Maiores quis quia ab et voluptas est.,4,943
Praesentium perspiciatis optio.,1,779
Iste placeat fugit ad atque odio inventore.,3,747
Et deleniti impedit et ipsam odit.,0,453
Eos nulla et commodi architecto quia laudantium saepe.,4,895
Qui ut est.,2,498
Eveniet et voluptatem omnis quisquam et.,4,716
Perferendis doloremque tenetur voluptatem ratione.,5,180
Quibusdam dolores minima dolorem est sequi quidem placeat fugit amet.,0,730
Cum recusandae quia.,5,924
Dolor quod atque sed qui voluptates sint fuga.,0,338
Sapiente et beatae eveniet ipsa est perferendis.,5,428
Voluptatem quam quibusdam distinctio.,0,761
Reprehenderit dignissimos architecto natus quod ad quas.,1,661
Non ullam ut.,5,112
Dolorum tempore ipsa quod est doloremque.,1,685
Ut fugiat explicabo delectus voluptate.,2,831
Voluptatem tempore cumque quam recusandae.,2,361
Deserunt minus exercitationem dolorem vitae inventore totam.,1,775
Voluptas distinctio cumque corrupti consequatur enim doloremque.,3,51
Similique qui voluptatem id dolores amet.,3,332
A similique deserunt.,1,108
Velit repellendus et.,3,678
Officiis consequatur sunt quia eligendi.,1,717
Aspernatur sunt inventore vero architecto.,2,839
Nisi maiores harum ea necessitatibus minus eligendi pariatur tenetur aut.,0,817
At assumenda ex qui qui dolorem odit autem.,1,568
Nam veniam excepturi.,0,954
Est ut esse occaecati distinctio magni reprehenderit quisquam beatae.,0,761
Tempore consequuntur non quia tempora voluptatum perspiciatis ut nulla molestiae.,3,833
Et et laboriosam ut quia qui consequatur ab iste mollitia.,0,502
Voluptates minus enim dolorem repudiandae occaecati consequatur rerum.,2,82
Facilis blanditiis et.,5,766
Aut officia eligendi assumenda aut.,4,990
Repudiandae officiis vitae.,0,394
Recusandae accusantium ut nihil voluptas atque ea debitis sapiente.,1,654
Commodi non id minus.,3,879
Doloremque est modi similique quia iure nobis esse.,3,204
Vel sunt eum harum eum rerum.,0,332
Delectus laudantium error vel est dolorem hic quia id.,0,832
Dignissimos aut qui consectetur excepturi et et.,2,984
Cupiditate sed et non ut in.,5,643
Architecto natus voluptas error molestias voluptas.,1,714
Et dolore repudiandae omnis harum exercitationem non magni.,0,736
Autem non debitis fuga at quia hic doloremque.,1,278
Quia esse doloremque error iure eius.,2,844
Fugiat deleniti ut earum consectetur.,4,16
Est aut eligendi quis dolor.,1,280
Aperiam eum voluptatem aliquam.,0,971
Rem quidem praesentium voluptates aut quidem qui ut.,5,325
Sunt enim non ipsum tenetur ut id aut assumenda et.,4,862
Numquam qui illo consectetur quo autem voluptatum voluptas.,5,244
Expedita quasi ratione sit sunt dolorum itaque repudiandae iste.,0,288
Odio quia nisi qui aut quae sunt.,2,62
Perspiciatis dicta nisi voluptas ratione labore mollitia numquam.,2,520
Maiores sit sint qui voluptatem ullam quasi iure.,3,117
Atque eius rem doloribus consequuntur aut dolores eum excepturi sit.,5,160
Enim id vel sed vero ipsum.,0,800
Necessitatibus sit aut ad ut sunt.,4,448
Harum libero consequuntur.,5,184
Qui quo et debitis culpa quia quia exercitationem reprehenderit voluptas.,2,41
Sit nesciunt ullam.,5,32
Et eos reiciendis perspiciatis voluptas velit necessitatibus.,5,648
Voluptate aliquam doloremque autem commodi voluptatem doloribus.,5,288
Non ad omnis magni.,3,624
Omnis qui aut odit a qui et a officia voluptatem.,2,129
Soluta id eaque tempora sit aliquam consequuntur dolore nihil.,3,611
Ratione qui voluptate quaerat quia velit.,4,95
Dignissimos qui voluptatem vel deleniti aut.,4,436
Quod molestias numquam ad iure.,2,720
Dolor voluptatum voluptatum occaecati molestiae aut.,3,493
Laborum quas adipisci dolor maxime molestiae.,2,640
Reprehenderit ut hic quis.,3,347
Pariatur et rem ex.,1,243
Dolor quas dolores eum voluptates non facere.,4,686
Similique aspernatur rem distinctio et.,5,1000
Ratione itaque deserunt in expedita.,4,270
Et laudantium reiciendis eveniet soluta eveniet suscipit dolore ut itaque.,0,234
Eum qui earum alias molestias magnam.,2,362
Et labore voluptatum quibusdam fuga.,4,687
In fugit laudantium eligendi nam.,4,336
Repellat ullam recusandae dignissimos assumenda.,5,323
Perferendis eos aut facere quia et quam voluptatem corporis est.,5,926
Excepturi ipsam laudantium delectus consequatur velit.,5,730
Corporis hic magnam est molestiae eos odit dolorem.,1,276
Doloremque aut minima odio quae numquam corporis non vel porro.,2,813
Enim ipsum consequuntur deserunt magnam sed placeat.,2,142
Fuga consequatur error sunt provident sed rerum.,1,539
Modi voluptatibus sint sit atque earum.,3,550
Voluptas quia corrupti eaque doloremque in ea.,0,167
Blanditiis inventore libero eligendi ullam fugit enim.,1,885
Repellat officia rerum est rem aliquid.,2,426
Pariatur et libero veritatis sint.,5,680
Consequatur molestiae non ut.,3,760
Cupiditate voluptatem non et nam et.,3,808
Laboriosam rerum rerum omnis aut culpa eos veniam aliquam.,4,54
A ea tenetur voluptas explicabo aspernatur voluptas harum.,3,301
Debitis dolorem et quae repudiandae vel.,5,543
Est sed voluptatibus pariatur veritatis tempore vero.,0,771
Quis sed unde.,2,976
Saepe voluptatum facere.,2,516
Qui voluptatum eos nam nam at sit modi atque labore.,2,664
Nostrum quasi molestias et quia quas.,4,745
Nihil officiis distinctio atque autem et.,5,983
Veniam temporibus et occaecati vero nulla et.,2,27
Cum velit et dolor nisi et.,0,281
Alias aut sit incidunt fugiat qui repudiandae totam velit.,4,262
Consequatur accusamus natus fugit.,4,381
Aliquam blanditiis omnis at ut qui consequatur magnam excepturi tenetur.,4,273
Placeat non optio est vero et distinctio.,1,465
Atque quae praesentium in saepe ducimus dignissimos.,1,548
Quidem nemo voluptatem eveniet modi aut dolor est amet et.,3,570
Ea blanditiis cupiditate ipsum soluta.,1,44
Ipsa hic nisi ipsa qui optio exercitationem aut.,3,798
Omnis consequuntur voluptate expedita dicta quam.,1,342
Dignissimos odit ea molestiae officia deserunt facilis iusto fugiat totam.,1,443
Fuga magnam quis.,2,541
Ipsam rerum eius rem.,5,524
Voluptas cupiditate qui.,1,38
Omnis quia blanditiis numquam dicta eveniet unde consequatur.,4,981
Saepe aut nihil soluta debitis.,4,384
Magnam voluptas sit laborum officiis.,4,709
Beatae id odit pariatur perferendis vitae ut.,4,589
Dolor est vel et voluptas.,4,298
Rerum animi repellat minima corrupti sit voluptate neque.,1,499
Aut veritatis id excepturi.,1,43
Unde fugiat provident molestiae reiciendis sit.,3,354
Magnam unde illo neque nemo omnis incidunt ut neque sed.,5,339
Et et nobis.,2,473
Distinctio qui nesciunt qui.,2,125
Nihil sint et reprehenderit nihil.,1,762
Cupiditate hic repudiandae unde voluptatum est rerum.,5,361
Soluta qui pariatur est deleniti asperiores sunt.,1,485
Aut ex sapiente deserunt tenetur.,2,132
Delectus incidunt labore aut iste veniam.,4,422
Quia ab praesentium.,1,874
Est quisquam eaque officiis.,0,530
Eum esse possimus et est aspernatur.,1,624
Vitae voluptas voluptatem vel veritatis non quis quia doloribus doloremque.,2,720
Consequatur laudantium omnis.,4,643
Harum et sed hic veritatis porro voluptatem incidunt quas iure.,3,205
Hic consectetur dolorum corrupti sed doloremque rerum repellendus.,2,480
Rerum molestias quis vel voluptas.,1,804
Inventore aperiam optio.,1,503
Accusamus ipsam ut magni soluta delectus blanditiis vero dolores quia.,3,569
Quia inventore a quia qui.,3,999
Quos officia dolores eveniet aspernatur maxime ratione reprehenderit ipsam.,3,105
Molestias aliquam animi at.,4,235
Omnis aut aut harum nostrum sint.,5,316
Officiis provident tempora laboriosam minus autem quia voluptate eum.,2,201
Et praesentium soluta cumque optio quibusdam ut.,1,509
Aut sapiente sit.,2,277
Quis voluptatibus accusamus.,5,316
Fugiat voluptatum fugiat cumque.,5,298
Cum sint quisquam dolorum tempore.,3,759
Et dolorem a iure.,1,917
Numquam iste animi.,2,92
Officia labore dolor minima ipsa.,2,129
Culpa omnis quasi molestiae aspernatur id.,4,239
Tempore molestiae eligendi.,3,986
Voluptatibus cum velit ipsa est.,4,729
Tenetur inventore illo reprehenderit voluptatum.,5,38
Explicabo autem perspiciatis at veritatis aut enim tenetur alias.,1,570
Voluptatem fugit ut at maiores molestiae mollitia consequatur qui ad.,4,985
Ipsum sapiente laboriosam ut quo in.,2,187
Itaque suscipit eos totam reprehenderit beatae quam rem.,5,236
Officia quo odit ea soluta quasi.,4,311
In non tempora sint est.,0,246
Maxime consequatur odio occaecati.,2,752
Dicta dolor enim vero ut dolorem sequi assumenda.,1,358
Corporis quia similique tempora dolorem ratione placeat ut repudiandae eos.,0,287
In deleniti ipsam.,4,224
Placeat beatae aut ipsum velit qui blanditiis.,0,832
Laborum aliquid sit et necessitatibus quidem suscipit autem tenetur.,2,475
Cupiditate rerum facilis voluptate quis magni.,2,556
Ut culpa rerum et ex.,0,296
Accusamus minima omnis tempore in molestias.,1,686
Sint et aliquam officia.,4,841
Placeat libero deleniti tempora sit sed sit deleniti odio.,1,747
Facilis aperiam nulla eum et quo ipsam qui qui unde.,3,308
Et deserunt voluptatibus.,4,569
Velit quam voluptas sint ex.,1,130
Inventore voluptates ex at eum dolores architecto laboriosam.,5,839
Placeat est sed aperiam vero ratione dicta.,0,710
Dolorem eos aut et deleniti.,3,113
Impedit reprehenderit ratione aperiam et cumque impedit velit voluptatem et.,3,254
Sed ea enim animi iste atque enim repudiandae eaque.,5,79
Voluptatum eum excepturi officiis delectus quod optio explicabo enim iste.,5,985
Quos nisi quia magnam libero.,3,526
Est repellat eaque.,1,216
Aut alias deleniti sint porro labore dolorum.,1,39
Molestiae et magnam quasi et.,0,73
Consequatur aperiam impedit.,5,601
Ea necessitatibus qui sint inventore deserunt laborum et.,3,117
Quaerat hic et dolore sapiente.,3,614
Omnis deserunt quibusdam voluptatem illo ea molestiae neque.,4,367
Laudantium vero ratione voluptate deleniti accusamus atque.,4,47
Et sunt sit omnis hic velit rerum rerum quaerat dolores.,3,417
Nemo exercitationem eligendi impedit recusandae animi amet incidunt optio non.,3,619
Reiciendis nisi consequatur omnis omnis rerum mollitia.,1,242
Odit esse optio facere dignissimos est repellendus consequatur.,1,457
Esse aspernatur non ut.,3,685
Quod dolor quis consequatur dolorum natus voluptate.,0,860
Consectetur sapiente adipisci voluptas animi cupiditate.,1,902
Aliquid molestiae labore doloremque assumenda id et est ut vel.,5,975
Et aut rerum unde ipsam quas illo et et.,0,976
Accusantium sed laudantium occaecati.,3,556
Voluptatem corporis sed non nemo id omnis ut.,5,359
Aut quo voluptas et qui vel.,0,393
Facilis sit qui voluptatem doloribus minus enim tempore vel.,1,191
Explicabo voluptas qui quasi hic maiores.,2,663
Dolorum rerum inventore.,1,685
Reiciendis corrupti nisi ut officiis.,5,633
Enim ratione culpa laborum magnam unde deleniti.,1,647
Dolor molestiae reiciendis omnis eligendi deleniti.,3,980
Quo quia ea enim fuga sunt ab et pariatur veniam.,1,421
Quis rerum dignissimos pariatur sed ipsam vitae.,5,503
Corporis facilis incidunt voluptatibus.,5,532
Enim neque veritatis quidem explicabo voluptas omnis maxime.,1,812
Deleniti vel doloremque.,3,981
Tenetur enim voluptatibus placeat maxime aperiam quaerat.,0,929
Mollitia quis voluptates debitis iure.,0,203
Est cumque velit maiores.,5,527
Sint enim nam qui distinctio.,2,238
Saepe dolores illum nemo aut quia nisi hic.,5,882
Soluta id commodi accusamus recusandae et rerum est porro.,3,139
Quam consequuntur ut mollitia.,0,863
Distinctio et sed dolor ducimus numquam officiis.,1,844
Cupiditate fugiat dolorem.,5,234
Assumenda id sunt exercitationem enim laudantium dolores voluptate eveniet.,3,592
Quae et dolorem eos soluta eum voluptas cupiditate sint aut.,4,126
Sit qui aut.,2,240
Sapiente similique alias unde qui repellendus autem adipisci eligendi.,2,738
Ab voluptas est.,2,980
Fugiat totam aut.,3,276
Vitae sed debitis sint aut sit eveniet.,5,809
Incidunt est ut molestiae reprehenderit.,3,450
Quisquam qui a aut nemo unde.,5,917
Iste non quam velit.,3,950
Rerum veniam voluptatem rerum doloremque quibusdam numquam.,3,8
Eos consequatur recusandae voluptatem provident.,4,38
Adipisci pariatur illum corrupti sint et magnam.,1,892
Eius quasi quis quae assumenda repellendus quis est.,2,951
Tempore odio occaecati.,2,252
Sunt dolorem qui quis sunt.,2,222
Omnis praesentium deserunt.,0,788
Dolor quaerat voluptatem.,1,973
Laboriosam ullam quis qui quos.,4,77
Qui ex consequatur asperiores ullam nesciunt minima impedit.,2,126
Alias ab reiciendis sed sunt facilis eligendi consequatur porro voluptatum.,5,503
Repellat sapiente veniam molestiae et aut.,2,723
Expedita repudiandae quae qui eum debitis.,1,659
Ut accusantium odio quae quae animi in.,3,12
Omnis ut voluptas exercitationem.,5,997
Et non nihil dicta modi ratione consequatur.,5,862
Quia nobis molestias assumenda nihil distinctio.,1,395
Culpa nihil vitae sapiente et excepturi et dolorem aliquid.,0,734
Corrupti quia repellat qui.,4,111
Quia facere modi est.,1,840
Est autem sit dolorem dignissimos.,4,553
Et magni expedita.,5,91
Consequuntur perferendis eum aut.,3,362
Labore porro accusantium fugit repellendus aut numquam commodi.,5,235
Quia autem cumque modi sunt repellendus molestiae nihil ipsam voluptas.,1,490
Quia quo numquam.,0,810
Omnis sit exercitationem ab enim iusto ex pariatur reprehenderit corrupti.,2,164
Minima reiciendis reprehenderit.,3,700
Cumque error quo et et animi hic non accusamus alias.,4,642
Enim consequatur et nihil a ex et ducimus sapiente.,3,309
Architecto ab quia perspiciatis aut rerum occaecati facere enim ut.,5,829
Eum aliquid esse aliquam dolores.,5,185
Et nesciunt est ut veritatis iure non quia.,1,903
Est atque quo veritatis quo id fugiat.,5,676
Consequatur autem aspernatur consectetur exercitationem similique laborum ipsa.,4,522
Repellat excepturi sit sed modi consequuntur assumenda.,2,884
Voluptatum enim possimus et quibusdam amet autem animi doloribus provident.,2,416
Asperiores commodi sed.,4,147
Itaque eum non consectetur repellat.,3,27
Et at consequatur soluta.,3,300
Minus eligendi maxime reprehenderit.,1,371
Quia doloribus explicabo.,3,583
Deserunt sunt est ea est sit tempore in quas.,2,890
Qui laborum quia qui.,2,933
Voluptate voluptatem officiis quia consequatur accusamus quia perferendis.,4,94
Eos earum suscipit.,4,410
Eos in voluptatem dolorem similique eos ut eius deserunt.,4,418
Autem a mollitia.,4,735
Quia occaecati esse quisquam praesentium.,4,73
Sequi vitae et alias et neque id in repudiandae porro.,5,682
Doloremque neque nostrum nam accusantium nulla.,0,571
Omnis sapiente itaque doloribus rem quo ab dolorum esse est.,5,316
Veritatis aut nisi quam provident.,1,238
Repudiandae corporis eveniet itaque harum deleniti.,3,319
Cum voluptatem est eaque repellat.,5,226
Dolores est sapiente eum ut in rem vel unde harum.,2,843
Impedit molestias nulla est suscipit reiciendis numquam ratione et necessitatibus.,3,693
Quia ipsum itaque doloremque exercitationem iure vitae rem tempora molestias.,1,385
In voluptate unde consequuntur et aut exercitationem.,5,368
Expedita eum atque occaecati vitae molestiae temporibus dolorem quia.,5,325
Reprehenderit expedita iure et ducimus.,0,150
Ex molestias nihil molestiae aliquid accusantium et enim ut hic.,5,146
Quo optio odio dolor asperiores quia.,1,720
Et voluptatem vel et ratione.,4,204
Autem explicabo corporis ea harum.,2,105
Velit facilis laudantium culpa autem velit deleniti.,5,935
Dolores consectetur facere amet.,2,821
Voluptatem voluptas aut ab ullam.,0,748
Exercitationem at assumenda fugiat.,0,325
Ratione aliquid recusandae laborum autem.,1,215
Sit consequatur dignissimos est doloremque.,0,767
Dicta est adipisci et ut ipsum cumque inventore id.,1,727
Numquam minus qui repudiandae eos eos fugit.,0,265
Neque quam accusantium blanditiis omnis temporibus facere iusto ut aliquid.,0,112
Quia sapiente minus repellat maiores ratione nostrum minima quasi.,3,746
Qui vitae rem quis impedit aliquid quia facilis.,1,320
Quibusdam assumenda aperiam ea porro corrupti nulla sed excepturi ut.,5,471
Vel expedita corrupti in doloribus expedita.,0,932
Quidem ea est.,0,352
Corporis rerum vero laborum laborum quia libero.,1,302
Ea sed aut commodi repellendus et distinctio quam.,2,718
Quidem nam non qui molestiae perferendis.,4,114
Hic dolores tempore repellendus ut suscipit.,3,131
Non repellat modi enim porro tempora.,0,277
Distinctio consequatur hic quisquam explicabo dolor minima.,3,464
Praesentium voluptatem suscipit aliquam maiores.,3,420
Tempora veniam et molestiae reiciendis.,0,322
Reiciendis aperiam consequuntur ea consequatur impedit exercitationem.,4,936
Facilis id quia consequuntur.,2,976
Sunt nesciunt qui voluptate.,3,629
Ut iusto sed iusto.,4,587
Ut molestiae incidunt et in labore ab perferendis mollitia praesentium.,5,887
Perspiciatis animi enim corporis maxime illo porro dolores omnis accusantium.,3,377
Minus dolore non rerum est asperiores id ea adipisci laboriosam.,2,456
Molestiae et consequatur.,2,602
Necessitatibus id culpa et quia.,4,821
Saepe et nam nam et vitae autem facere consequatur eligendi.,2,535
Unde ut qui sunt commodi voluptas occaecati sit ipsam.,1,449
Odio rerum commodi deserunt est in non.,0,727
Magni id ratione autem rerum sit.,3,821
Adipisci ratione qui ad ea ea numquam quasi et.,0,226
Non et doloremque itaque voluptatem porro vitae hic quibusdam.,4,654
Harum rerum dolor maxime non quisquam consequatur qui sunt tempore.,4,109
Eum quia et autem labore dolorum.,0,667
Neque sed ad.,0,855
Eveniet rerum quaerat mollitia corrupti.,2,83
Quis et dolor vitae.,4,204
Vel sequi laboriosam vel molestiae libero at tempore.,0,449
Voluptas ipsum et omnis rerum.,0,204
Delectus doloremque dolores.,4,693
Laboriosam in illum.,0,624
Quam suscipit architecto dolore qui.,3,57
Sed qui eius et ex maxime.,2,136
Id sunt nisi ipsa aut minima et ab non doloribus.,0,957
Beatae blanditiis est.,0,457
Et facere ut illo adipisci et dolorum.,5,334
Placeat ut libero molestias.,4,705
Nobis minima tempore dolor est aspernatur qui sunt.,5,723
Accusamus voluptate perspiciatis quis reiciendis ipsa.,2,662
Ipsum enim corrupti aspernatur.,3,877
Qui ut consequuntur distinctio reprehenderit animi.,2,782
Voluptatem rerum explicabo voluptatibus quia vel asperiores.,4,641
Aut nulla et.,1,496
Voluptatem fuga suscipit.,3,668
Rerum reiciendis quaerat voluptatem.,3,861
Quas quis aliquid consectetur optio voluptates nihil qui reiciendis provident.,2,686
Consequuntur temporibus delectus asperiores et sed sunt nesciunt corporis quae.,1,434
Officia omnis impedit nemo sed dolorem ratione error.,2,154
Expedita incidunt sed quia.,3,636
Odit vel doloremque autem.,3,322
Ullam dicta labore iusto consequatur rem totam.,4,262
Voluptatem ducimus consequatur.,5,492
Est pariatur nisi quod perspiciatis cumque id.,2,460
Repellat placeat sit laboriosam.,2,241
Maxime est quidem expedita tempore minima doloremque exercitationem dicta necessitatibus.,1,442
Ullam occaecati illo est dignissimos incidunt iure recusandae ut ex.,1,209
Sunt facere maiores.,5,728
Expedita eligendi ea.,2,300
Atque omnis quo delectus voluptatem minus.,1,215
Ratione ut qui.,4,757
Qui quidem et id recusandae fugit in ut.,2,356
Et enim sequi expedita doloremque asperiores aliquam.,4,130
Qui quasi in exercitationem asperiores dolorum quas ex.,2,811
Voluptate quibusdam quia.,3,250
Totam error facere ut quas distinctio id.,0,145
Omnis architecto iusto qui fugiat.,1,539
Dolorem provident harum et nam dicta.,5,807
Est ab veritatis voluptatem quos expedita voluptatem sit.,4,532
Quis vero autem accusantium rem nulla quos inventore dignissimos.,1,433
Voluptatem et non.,3,30
Sit ipsa minima culpa consectetur doloribus neque.,0,202
Sit eius sequi assumenda tempora iste.,4,876
Iusto voluptatem eos quo impedit dicta quidem id voluptate quisquam.,4,10
Sunt id saepe dolorem et quia.,5,370
Quisquam et id qui eligendi.,1,374
Repudiandae hic quia dolorem.,5,118
Provident sit ullam sit.,2,937
Ab nostrum ipsum qui alias et consequatur reiciendis iste.,5,223
Minima rerum ut molestiae ad et cum quam.,1,85
Explicabo repellendus aut ab magni architecto explicabo debitis.,1,847
Repellendus laboriosam perspiciatis soluta ut explicabo nobis totam qui.,3,291
Sed eos reiciendis neque.,3,737
Provident recusandae omnis necessitatibus quo.,1,92
Est saepe quia voluptatem sint tenetur consequatur.,3,475
Doloribus sint aut.,3,646
Nobis placeat quidem adipisci assumenda culpa.,5,432
Libero delectus explicabo consequatur et corporis est minus et.,3,143
Nisi et officiis fugit qui.,2,997
Suscipit quis ea fuga asperiores.,2,491
Laudantium itaque excepturi et maxime fugiat non fugiat.,3,534
Cum ut dolorem.,5,669
Veritatis rerum eius molestiae earum porro et qui.,0,691
Quis voluptas voluptas enim soluta dolorum accusamus.,1,795
Saepe est reprehenderit adipisci id ut eos et reiciendis velit.,2,917
Incidunt veniam est et ipsa aliquam.,5,449
Id quia voluptatem ut harum consequatur aspernatur.,2,554
Ratione velit occaecati vero ea ipsa cum voluptatem.,5,856
Saepe vitae pariatur et non quo tempora commodi.,3,72
Velit quidem modi illo ut eaque dolore dolores.,5,636
Itaque illum amet similique.,1,823
Nostrum veniam quisquam voluptas incidunt.,3,234
Blanditiis vero ea aut molestias est architecto sed.,0,183
Voluptas maiores fugit iste placeat sunt exercitationem facilis qui.,1,970
Ut repellat labore commodi ipsa odit ipsum rerum.,1,518
Nesciunt odio explicabo occaecati sit quae.,3,334
Nam incidunt quos illo qui libero iure repellendus.,2,405
Sit animi necessitatibus libero quae.,4,213
Autem voluptatem architecto odio vitae id.,1,283
Pariatur sit ab illo ex commodi cum vero fuga autem.,1,809
Laborum similique impedit aut.,1,822
Ad recusandae omnis sit eligendi quo.,3,165
Nulla ut sunt velit ut ut.,1,718
Perferendis omnis animi omnis vel voluptate molestias quidem minima.,4,356
Distinctio sequi corporis odio ut eius.,4,254
Occaecati sed voluptas aliquid corporis iste dignissimos porro voluptatem.,3,449
Vel repellendus quos minima molestias ut ut.,4,12
Vitae ut explicabo.,4,529
Sit quia qui corrupti neque quia.,4,364
Asperiores eaque iure.,2,813
Quidem voluptas quaerat ad sit vel.,0,84
Animi aut mollitia quam error sit.,3,945
Quaerat magni ut cupiditate illum sint et.,2,727
Alias nihil animi commodi.,5,555
Earum nesciunt quos laboriosam.,4,757
Voluptas ullam sunt animi voluptas est inventore delectus veniam.,3,7
Esse explicabo natus.,3,16
Laudantium dignissimos omnis et.,5,291
Ipsum quasi deserunt facere vitae saepe reiciendis error.,4,325
Vel exercitationem vero quisquam velit sunt at omnis consequatur quia.,5,12
Non dolorem illo minima quam est molestiae alias natus.,0,101
Temporibus nesciunt illo eveniet facilis corrupti ut eligendi harum.,2,843
Porro quo quo molestiae est sint veritatis dignissimos.,3,270
Amet et id eos voluptas ut inventore quia.,0,141
Iste consectetur voluptas possimus perspiciatis magnam natus ullam.,1,953
Commodi nostrum natus nobis sit placeat.,1,595
Qui aut a et consequuntur consequatur assumenda.,1,947
Repellat nam ut.,0,207
Nisi dignissimos magnam et omnis facere officia nihil blanditiis.,0,372
Omnis debitis necessitatibus expedita inventore et.,0,773
Sed voluptatem et aut nostrum amet.,0,898
Asperiores numquam vero et nesciunt.,5,124
Eaque facilis qui aperiam fugiat distinctio enim eaque cum cupiditate.,4,366
Est eius et ut tempora est eum saepe.,0,957
Illum omnis consequatur et officiis perspiciatis autem qui sed.,3,920
Perspiciatis sapiente quas ut est.,0,43
Qui quia illum consequatur rem voluptatum ab maxime excepturi eligendi.,2,800
Exercitationem ut dignissimos laborum nemo nihil eos.,3,318
Dolorum accusamus blanditiis nemo facilis tempore vitae ea.,3,468
Cumque aliquid quo neque iusto tempore odio minima.,5,187
Doloribus voluptatibus ut blanditiis cumque tenetur dolores.,0,351
Illo quos non ab.,5,181
Beatae error et consequatur.,4,574
Animi sed hic molestias ex.,5,583
Dolores sed fugit.,2,236
Et deserunt voluptatem voluptas illo.,5,295
Illum sit adipisci quae qui explicabo.,5,251
Neque ipsa aut et ratione asperiores omnis delectus.,5,883
Dolorem quia at unde molestiae voluptatem occaecati qui sed.,3,934
Accusantium est enim quae ea earum nisi.,5,924
Et ut totam placeat sint quae eos.,1,587
Velit laboriosam et eveniet.,0,810
Optio rerum labore aut officiis quasi deserunt sint autem.,5,312
Velit rerum et qui earum magnam laudantium quis est reprehenderit.,2,532
Animi et autem dolorem.,2,660
Rerum animi ratione est laudantium veritatis facilis.,0,417
Dolores tenetur quasi amet quam quis iure atque aut.,3,275
Nam aut rerum esse sit aut asperiores.,5,1000
Rem similique est.,2,323
Sit velit veniam doloremque tempora pariatur commodi praesentium voluptatem eos.,3,725
Qui non ratione qui nulla nemo qui.,2,34
Iusto iusto voluptatem aut.,0,186
Laborum facere qui rerum tenetur ut beatae aut aliquid.,0,418
Repellendus mollitia error magni est deserunt debitis molestiae dolores iure.,2,874
Atque velit sequi odio quia dolor qui asperiores.,2,772
Dicta alias et voluptatem.,3,981
Debitis officia tenetur possimus iste officia eaque architecto.,2,643
Facere vero at at.,5,978
Eius nemo neque libero molestiae ipsa aut veniam.,4,404
Eum et eos aut nam dolore rem animi.,1,889
Sint qui ipsa rerum voluptatem possimus porro et.,4,13
Qui sed qui praesentium animi enim ratione ut aspernatur et.,0,765
Repellendus quos quod esse sint laudantium veniam.,5,405
Voluptatibus est qui eos.,0,707
Facere eum iste aspernatur id magni delectus.,2,207
Sequi animi dolores accusamus saepe.,1,120
Dolores modi non est ratione totam quos deleniti.,0,2
Est aut eveniet earum et culpa pariatur non similique dolor.,1,196
Quo repellat quam quibusdam quidem impedit in et.,3,515
Cum amet ut dolorum quo atque voluptatem voluptatem magni.,5,152
Accusantium ullam animi quia nihil eos facere ab voluptatem vel.,2,304
Dolores dignissimos voluptas.,3,832
Vero debitis corrupti non voluptatem voluptates illo ut qui laboriosam.,1,208
Cumque sed nesciunt alias provident doloremque vel et eveniet.,1,133
Reiciendis mollitia assumenda aut reiciendis qui sed.,4,327
Esse cum nisi.,3,998
Ipsam cum facilis rem expedita molestiae.,5,402
Nulla hic neque aliquid error ut et soluta qui repellat.,5,570
Porro voluptates sit sunt.,1,943
Quisquam corrupti adipisci cumque esse nisi accusamus laboriosam soluta.,1,440
Sed aperiam dolores odit nostrum nihil culpa corrupti et laboriosam.,2,965
In enim laboriosam.,3,175
Culpa tempore rerum necessitatibus asperiores est quisquam.,0,754
Impedit vitae quae.,2,116
Omnis ea porro perferendis laudantium maiores amet autem necessitatibus.,4,352
Commodi libero repudiandae.,2,259
Ea dolorum nihil et ipsa.,5,599
Exercitationem iusto iste quas ipsa magni possimus facere.,2,998
Dolore doloribus quas aliquam quo perferendis.,4,805
Quas voluptatem aliquid tempora quia odit officiis unde dicta.,2,572
Ea possimus culpa saepe.,4,436
Enim neque culpa et aut expedita.,3,971
Incidunt et quas aperiam ea ducimus repellendus enim quia.,1,128
Minus enim nisi quam possimus est eum suscipit voluptas earum.,2,14
A consequatur blanditiis et.,1,619
Tempora sed fuga voluptatum aut vel.,2,993
Iusto quos dignissimos impedit cum hic.,2,698
Et animi doloremque consequatur ut ex rem.,3,604
Dolorem soluta facere.,4,495
Non a aut.,3,533
Qui id ab impedit quam soluta ut est quas veritatis.,4,369
Cupiditate ut quas.,1,339
Perspiciatis et rerum dolore in.,5,851
Quo quia id voluptatibus reiciendis dignissimos aut ut.,0,738
Laudantium dicta similique officia eum voluptatem quas omnis eius sed.,1,185
Iure consequatur quia.,5,512
Veniam molestias animi non.,0,278
Sint et provident.,1,596
Minima modi et a perspiciatis nihil quisquam occaecati aut aperiam.,2,719
Est deserunt et quos nemo esse assumenda.,0,236
Quia qui ea.,5,222
Ex est dolores.,2,747
Qui cupiditate magnam qui perferendis aut consequatur.,3,233
Distinctio ut odit rerum.,3,95
Nemo eum vel.,1,200
Accusamus omnis sequi soluta possimus qui dolorem et.,5,915
Enim dolor nostrum facilis repudiandae ut quibusdam omnis.,0,548
Voluptas aut ut beatae dolores.,5,324
Sit nihil voluptatem dolorem quaerat.,2,201
Et est harum totam labore nihil et itaque beatae.,2,335
Enim voluptatem debitis praesentium ex eos dolorum accusamus.,0,918
Non sequi repellendus quia suscipit debitis sint.,1,401
Assumenda ex et quis voluptas quo praesentium.,4,147
Velit assumenda eaque.,5,247
Non ab numquam modi.,4,48
Aut velit ut laboriosam delectus illo totam omnis.,5,758
Ratione culpa commodi pariatur natus nihil consequatur sit.,1,99
Voluptates quos eos non ut eaque debitis ab magni assumenda.,3,277
Itaque quaerat sit quo earum temporibus hic saepe eos officia.,3,251
Quia non cumque voluptatem et.,2,926
Quo dignissimos consequatur magni deserunt vitae.,2,483
Voluptatem ut commodi quae molestias nihil aliquam.,0,718
Enim debitis sapiente sit itaque ipsum fuga quis maiores consequatur.,5,872
Eveniet voluptatem nemo totam et tenetur pariatur aperiam veniam ea.,2,202
Placeat et pariatur illo quam et aspernatur sed inventore.,4,624
In odit perspiciatis ex deleniti at.,4,336
Atque commodi non omnis aspernatur.,2,739
Nihil pariatur delectus perferendis sint iusto nemo voluptatem et et.,4,79
Veritatis veritatis fugiat libero harum est maiores voluptatum.,1,816
Voluptatem modi illo.,4,751
Eius facere provident nulla qui et facilis similique.,1,92
Est exercitationem ipsa tempore et consequatur omnis perspiciatis voluptas.,3,916
Vitae blanditiis unde.,5,989
Id eos voluptates saepe.,5,501
Blanditiis vel id.,2,151
Neque dolorem ratione corrupti deserunt voluptas dignissimos.,0,27
Nisi qui et molestiae repudiandae.,5,737
Quam et temporibus laborum tenetur non dignissimos incidunt.,0,466
Et quasi officiis illo.,3,269
Deserunt ullam excepturi quis fuga est.,3,163
Voluptatem ducimus porro debitis occaecati eum voluptatem.,0,776
Non quidem et laborum excepturi quia.,4,796
Cupiditate voluptatibus tempora.,5,530
Quia ipsa sit.,1,10
Nemo alias tenetur non autem saepe.,5,225
Et facilis harum vero perspiciatis earum aperiam impedit.,2,97
Est consequatur eos ullam.,4,992
Similique neque impedit repudiandae sunt delectus voluptatibus aliquid nemo.,5,758
Quaerat blanditiis voluptatem ipsa reiciendis libero voluptatem et.,5,468
Debitis impedit laudantium.,1,116
Est id aliquam dolor voluptas.,0,596
Enim libero sunt quaerat qui quaerat autem quia veritatis laboriosam.,1,442
Qui fugiat corrupti.,1,199
Repudiandae quisquam cum.,1,361
Eius accusantium ipsa architecto.,1,341
Aut ex deleniti aut.,4,999
Incidunt animi voluptates assumenda beatae laudantium.,5,509
Asperiores quam accusamus repudiandae tenetur natus.,1,710
Ad voluptatibus iusto ut.,0,37
Porro ullam quae consequatur quos vel et ut quis sed.,3,270
Aut illum aliquam totam doloribus odit.,2,308
Molestiae temporibus est et dignissimos labore aut.,3,585
Impedit molestiae mollitia cumque provident est labore non.,0,77
Voluptatem sint ea.,2,695
Provident consequatur consequatur necessitatibus maxime.,2,375
Eveniet omnis et sunt doloribus natus.,3,885
Dolores voluptatibus magnam vel.,2,461
Consequatur veritatis numquam ratione dicta reiciendis voluptas non.,3,595
Consequatur necessitatibus dignissimos incidunt fugit delectus voluptatem ut est vero.,2,820
Voluptas temporibus sunt accusantium excepturi eligendi ducimus.,2,7
In soluta laudantium iste fugit labore velit mollitia quo.,0,998
Quia provident reiciendis ab.,1,599
Delectus ea quia.,3,381
Earum recusandae dolorem non aliquam aut doloremque quia.,3,922
Quo provident fugiat totam.,0,657
Sapiente quas atque eos ab eveniet.,1,529
Facere illum optio voluptas magni alias.,0,633
Vel quo in magni dolorem aspernatur et qui qui fuga.,0,776
Est officia nihil voluptas iste.,1,835
Et earum at.,3,884
Commodi eum ut accusantium ratione quia voluptates sint saepe sit.,5,356
Ullam eveniet vitae quis corrupti.,2,425
Nobis sed quia.,0,68
Quis rerum nihil tempora sunt sed illo commodi qui.,2,835
Suscipit velit voluptas temporibus veniam debitis vero.,2,639
Omnis nostrum recusandae iste quod consequuntur nesciunt facere similique.,5,602
Consequatur voluptatem autem quis iure nostrum esse sed voluptatem.,2,613
Et modi aut et id sint illo illo totam.,1,391
Et et omnis qui illum facilis.,1,462
Architecto nesciunt numquam quis sit.,0,865
Et excepturi qui est maxime dolorem.,3,573
Architecto est quas amet ut ut saepe dolorum totam et.,1,650
Corrupti consectetur rerum odit quaerat ad cum minima velit.,2,912
Unde quia dolorum soluta vel est.,0,899
Fuga vel iure repellendus veritatis ut illum dolores.,5,367
Necessitatibus vero excepturi quas et id quis earum qui.,3,947
Non pariatur provident eveniet accusamus.,3,460
Ratione aut rem.,5,667
Earum officia ut aspernatur id dolorem ratione sint maxime.,2,767
Dolore voluptas minus fuga.,3,998
Qui assumenda ducimus cupiditate molestiae unde beatae.,0,886
Laudantium eos sed aspernatur corporis facere eos.,0,950
Dolore omnis qui dolores et.,5,279
Est mollitia occaecati et.,4,767
Voluptate a animi assumenda est reprehenderit autem.,3,719
Asperiores tenetur modi.,1,397
